Vulnerability ID,Severity,Package name,Package version,Package type,Package path,Image,OS Name,CVSS version,CVSS score,CVSS vector,Vuln link,Vuln Publish date,Vuln Fix date,Fix version,Public Exploit,K8S cluster name,K8S namespace name,K8S workload type,K8S workload name,K8S container name,Image ID,K8S POD count,Package suggested fix
CVE-2022-1996,Critical,github.com/emicklei/go-restful,v2.15.0+incompatible,golang,/csi-provisioner,registry.k8s.io/sig-storage/csi-provisioner:v3.2.0,debian 11.3,3.1,9.1,CVSS:3.1/AV:N/AC:L/PR:N/UI:N/S:U/C:H/I:H/A:N,https://nvd.nist.gov/vuln/detail/CVE-2022-1996,29/03/2022,6/06/2022,v2.16.0,FALSE,lab1,csi-driver-nfs,deployment,csi-nfs-controller,csi-provisioner,sha256:a70e0499c775eac7f58099360fdb65ae77a63fe6df7120b4fcee75607c33a401,1,v2.16.0
CVE-2021-46848,Critical,libtasn1-6,4.16.0-2,os,,registry.k8s.io/sig-storage/nfsplugin:v4.1.0,debian 11.3,3.1,9.1,CVSS:3.1/AV:N/AC:L/PR:N/UI:N/S:U/C:H/I:N/A:H,https://nvd.nist.gov/vuln/detail/CVE-2021-46848,4/02/2020,,,FALSE,lab1,csi-driver-nfs,daemonset,csi-nfs-node,nfs,sha256:7e92ad97b3b3d4196392cff3f71c557f77c95f471975cd1308c817246c965585,4,
CVE-2019-8457,Critical,libdb5.3,5.3.28+dfsg1-0.8,os,,registry.k8s.io/sig-storage/nfsplugin:v4.1.0,debian 11.3,3.1,9.8,CVSS:3.1/AV:N/AC:L/PR:N/UI:N/S:U/C:H/I:H/A:H,https://nvd.nist.gov/vuln/detail/CVE-2019-8457,20/03/2019,,,FALSE,lab1,csi-driver-nfs,daemonset,csi-nfs-node,nfs,sha256:7e92ad97b3b3d4196392cff3f71c557f77c95f471975cd1308c817246c965585,4,
CVE-2022-1586,Critical,libpcre2-8-0,10.36-2,os,,registry.k8s.io/sig-storage/nfsplugin:v4.1.0,debian 11.3,3.1,9.1,CVSS:3.1/AV:N/AC:L/PR:N/UI:N/S:U/C:H/I:N/A:H,https://nvd.nist.gov/vuln/detail/CVE-2022-1586,23/03/2022,15/04/2022,10.36-2+deb11u1,FALSE,lab1,csi-driver-nfs,daemonset,csi-nfs-node,nfs,sha256:7e92ad97b3b3d4196392cff3f71c557f77c95f471975cd1308c817246c965585,4,10.36-2+deb11u1
CVE-2022-1587,Critical,libpcre2-8-0,10.36-2,os,,registry.k8s.io/sig-storage/nfsplugin:v4.1.0,debian 11.3,3.1,9.1,CVSS:3.1/AV:N/AC:L/PR:N/UI:N/S:U/C:H/I:N/A:H,https://nvd.nist.gov/vuln/detail/CVE-2022-1587,26/03/2022,15/04/2022,10.36-2+deb11u1,FALSE,lab1,csi-driver-nfs,daemonset,csi-nfs-node,nfs,sha256:7e92ad97b3b3d4196392cff3f71c557f77c95f471975cd1308c817246c965585,4,10.36-2+deb11u1
CVE-2022-37434,Critical,zlib1g,1:1.2.11.dfsg-2+deb11u1,os,,registry.k8s.io/sig-storage/nfsplugin:v4.1.0,debian 11.3,3.1,9.8,CVSS:3.1/AV:N/AC:L/PR:N/UI:N/S:U/C:H/I:H/A:H,https://nvd.nist.gov/vuln/detail/CVE-2022-37434,31/07/2022,14/10/2022,1:1.2.11.dfsg-2+deb11u2,FALSE,lab1,csi-driver-nfs,daemonset,csi-nfs-node,nfs,sha256:7e92ad97b3b3d4196392cff3f71c557f77c95f471975cd1308c817246c965585,4,1:1.2.11.dfsg-2+deb11u2
CVE-2022-29458,High,libtinfo6,6.2+20201114-2,os,,registry.k8s.io/sig-storage/nfsplugin:v4.1.0,debian 11.3,3.1,7.1,CVSS:3.1/AV:L/AC:L/PR:N/UI:R/S:U/C:H/I:N/A:H,https://nvd.nist.gov/vuln/detail/CVE-2022-29458,16/04/2022,,,FALSE,lab1,csi-driver-nfs,daemonset,csi-nfs-node,nfs,sha256:7e92ad97b3b3d4196392cff3f71c557f77c95f471975cd1308c817246c965585,4,
CVE-2021-33560,High,libgcrypt20,1.8.7-6,os,,registry.k8s.io/sig-storage/nfsplugin:v4.1.0,debian 11.3,3.1,7.5,CVSS:3.1/AV:N/AC:L/PR:N/UI:N/S:U/C:H/I:N/A:N,https://nvd.nist.gov/vuln/detail/CVE-2021-33560,13/04/2021,,,FALSE,lab1,csi-driver-nfs,daemonset,csi-nfs-node,nfs,sha256:7e92ad97b3b3d4196392cff3f71c557f77c95f471975cd1308c817246c965585,4,
CVE-2020-16156,High,perl-base,5.32.1-4+deb11u2,os,,registry.k8s.io/sig-storage/nfsplugin:v4.1.0,debian 11.3,3.1,7.8,CVSS:3.1/AV:L/AC:L/PR:N/UI:R/S:U/C:H/I:H/A:H,https://nvd.nist.gov/vuln/detail/CVE-2020-16156,23/11/2021,,,FALSE,lab1,csi-driver-nfs,daemonset,csi-nfs-node,nfs,sha256:7e92ad97b3b3d4196392cff3f71c557f77c95f471975cd1308c817246c965585,4,
CVE-2021-46828,High,libtirpc-common,1.3.1-1,os,,registry.k8s.io/sig-storage/nfsplugin:v4.1.0,debian 11.3,3.1,7.5,CVSS:3.1/AV:N/AC:L/PR:N/UI:N/S:U/C:N/I:N/A:H,https://nvd.nist.gov/vuln/detail/CVE-2021-46828,21/08/2021,21/08/2021,1.3.1-1+deb11u1,FALSE,lab1,csi-driver-nfs,daemonset,csi-nfs-node,nfs,sha256:7e92ad97b3b3d4196392cff3f71c557f77c95f471975cd1308c817246c965585,4,1.3.1-1+deb11u1
CVE-2021-46828,High,libtirpc3,1.3.1-1,os,,registry.k8s.io/sig-storage/nfsplugin:v4.1.0,debian 11.3,3.1,7.5,CVSS:3.1/AV:N/AC:L/PR:N/UI:N/S:U/C:N/I:N/A:H,https://nvd.nist.gov/vuln/detail/CVE-2021-46828,21/08/2021,21/08/2021,1.3.1-1+deb11u1,FALSE,lab1,csi-driver-nfs,daemonset,csi-nfs-node,nfs,sha256:7e92ad97b3b3d4196392cff3f71c557f77c95f471975cd1308c817246c965585,4,1.3.1-1+deb11u1
CVE-2022-2509,High,libgnutls30,3.7.1-5,os,,registry.k8s.io/sig-storage/nfsplugin:v4.1.0,debian 11.3,3.1,7.5,CVSS:3.1/AV:N/AC:L/PR:N/UI:N/S:U/C:N/I:N/A:H,https://nvd.nist.gov/vuln/detail/CVE-2022-2509,22/07/2022,28/07/2022,3.7.1-5+deb11u2,FALSE,lab1,csi-driver-nfs,daemonset,csi-nfs-node,nfs,sha256:7e92ad97b3b3d4196392cff3f71c557f77c95f471975cd1308c817246c965585,4,3.7.1-5+deb11u2
CVE-2021-3999,High,libc-bin,2.31-13+deb11u3,os,,registry.k8s.io/sig-storage/nfsplugin:v4.1.0,debian 11.3,3.1,7.8,CVSS:3.1/AV:L/AC:L/PR:L/UI:N/S:U/C:H/I:H/A:H,https://nvd.nist.gov/vuln/detail/CVE-2021-3999,10/01/2022,3/02/2022,2.31-13+deb11u4,FALSE,lab1,csi-driver-nfs,daemonset,csi-nfs-node,nfs,sha256:7e92ad97b3b3d4196392cff3f71c557f77c95f471975cd1308c817246c965585,4,2.31-13+deb11u4
CVE-2021-3999,High,libc6,2.31-13+deb11u3,os,,registry.k8s.io/sig-storage/nfsplugin:v4.1.0,debian 11.3,3.1,7.8,CVSS:3.1/AV:L/AC:L/PR:L/UI:N/S:U/C:H/I:H/A:H,https://nvd.nist.gov/vuln/detail/CVE-2021-3999,10/01/2022,3/02/2022,2.31-13+deb11u4,FALSE,lab1,csi-driver-nfs,daemonset,csi-nfs-node,nfs,sha256:7e92ad97b3b3d4196392cff3f71c557f77c95f471975cd1308c817246c965585,4,2.31-13+deb11u4
CVE-2022-2097,Medium,libssl1.1,1.1.1n-0+deb11u3,os,,registry.k8s.io/sig-storage/nfsplugin:v4.1.0,debian 11.3,3.1,5.3,CVSS:3.1/AV:N/AC:L/PR:N/UI:N/S:U/C:L/I:N/A:N,https://nvd.nist.gov/vuln/detail/CVE-2022-2097,5/07/2022,,,FALSE,lab1,csi-driver-nfs,daemonset,csi-nfs-node,nfs,sha256:7e92ad97b3b3d4196392cff3f71c557f77c95f471975cd1308c817246c965585,4,
CVE-2022-2097,Medium,openssl,1.1.1n-0+deb11u3,os,,registry.k8s.io/sig-storage/nfsplugin:v4.1.0,debian 11.3,3.1,5.3,CVSS:3.1/AV:N/AC:L/PR:N/UI:N/S:U/C:L/I:N/A:N,https://nvd.nist.gov/vuln/detail/CVE-2022-2097,5/07/2022,,,FALSE,lab1,csi-driver-nfs,daemonset,csi-nfs-node,nfs,sha256:7e92ad97b3b3d4196392cff3f71c557f77c95f471975cd1308c817246c965585,4,
CVE-2021-4209,Medium,libgnutls30,3.7.1-5,os,,registry.k8s.io/sig-storage/nfsplugin:v4.1.0,debian 11.3,3.1,6.5,CVSS:3.1/AV:N/AC:L/PR:L/UI:N/S:U/C:N/I:N/A:H,https://nvd.nist.gov/vuln/detail/CVE-2021-4209,22/12/2021,18/01/2022,3.7.1-5+deb11u1,FALSE,lab1,csi-driver-nfs,daemonset,csi-nfs-node,nfs,sha256:7e92ad97b3b3d4196392cff3f71c557f77c95f471975cd1308c817246c965585,4,3.7.1-5+deb11u2
CVE-2021-36085,Low,libsepol1,3.1-1,os,,registry.k8s.io/sig-storage/nfsplugin:v4.1.0,debian 11.3,3.1,3.3,CVSS:3.1/AV:L/AC:L/PR:L/UI:N/S:U/C:N/I:N/A:L,https://nvd.nist.gov/vuln/detail/CVE-2021-36085,19/04/2021,,,FALSE,lab1,csi-driver-nfs,daemonset,csi-nfs-node,nfs,sha256:7e92ad97b3b3d4196392cff3f71c557f77c95f471975cd1308c817246c965585,4,
CVE-2021-36086,Low,libsepol1,3.1-1,os,,registry.k8s.io/sig-storage/nfsplugin:v4.1.0,debian 11.3,3.1,3.3,CVSS:3.1/AV:L/AC:L/PR:L/UI:N/S:U/C:N/I:N/A:L,https://nvd.nist.gov/vuln/detail/CVE-2021-36086,19/04/2021,,,FALSE,lab1,csi-driver-nfs,daemonset,csi-nfs-node,nfs,sha256:7e92ad97b3b3d4196392cff3f71c557f77c95f471975cd1308c817246c965585,4,
CVE-2021-36087,Low,libsepol1,3.1-1,os,,registry.k8s.io/sig-storage/nfsplugin:v4.1.0,debian 11.3,3.1,3.3,CVSS:3.1/AV:L/AC:L/PR:L/UI:N/S:U/C:N/I:N/A:L,https://nvd.nist.gov/vuln/detail/CVE-2021-36087,21/04/2021,,,FALSE,lab1,csi-driver-nfs,daemonset,csi-nfs-node,nfs,sha256:7e92ad97b3b3d4196392cff3f71c557f77c95f471975cd1308c817246c965585,4,
CVE-2021-36084,Low,libsepol1,3.1-1,os,,registry.k8s.io/sig-storage/nfsplugin:v4.1.0,debian 11.3,3.1,3.3,CVSS:3.1/AV:L/AC:L/PR:N/UI:R/S:U/C:N/I:N/A:L,https://nvd.nist.gov/vuln/detail/CVE-2021-36084,19/04/2021,,,FALSE,lab1,csi-driver-nfs,daemonset,csi-nfs-node,nfs,sha256:7e92ad97b3b3d4196392cff3f71c557f77c95f471975cd1308c817246c965585,4,
CVE-2016-2781,Low,coreutils,8.32-4+b1,os,,registry.k8s.io/sig-storage/nfsplugin:v4.1.0,debian 11.3,3,6.5,CVSS:3.0/AV:L/AC:L/PR:L/UI:N/S:C/C:N/I:H/A:N,https://security-tracker.debian.org/tracker/CVE-2016-2781,28/02/2016,,,FALSE,lab1,csi-driver-nfs,daemonset,csi-nfs-node,nfs,sha256:7e92ad97b3b3d4196392cff3f71c557f77c95f471975cd1308c817246c965585,4,
CVE-2004-0971,Negligible,libgssapi-krb5-2,1.18.3-6+deb11u1,os,,registry.k8s.io/sig-storage/nfsplugin:v4.1.0,debian 11.3,2,2.1,AV:L/AC:L/Au:N/C:N/I:P/A:N,https://security-tracker.debian.org/tracker/CVE-2004-0971,30/09/2004,,,FALSE,lab1,csi-driver-nfs,daemonset,csi-nfs-node,nfs,sha256:7e92ad97b3b3d4196392cff3f71c557f77c95f471975cd1308c817246c965585,4,
CVE-2004-0971,Negligible,libk5crypto3,1.18.3-6+deb11u1,os,,registry.k8s.io/sig-storage/nfsplugin:v4.1.0,debian 11.3,2,2.1,AV:L/AC:L/Au:N/C:N/I:P/A:N,https://security-tracker.debian.org/tracker/CVE-2004-0971,30/09/2004,,,FALSE,lab1,csi-driver-nfs,daemonset,csi-nfs-node,nfs,sha256:7e92ad97b3b3d4196392cff3f71c557f77c95f471975cd1308c817246c965585,4,
CVE-2004-0971,Negligible,libkrb5-3,1.18.3-6+deb11u1,os,,registry.k8s.io/sig-storage/nfsplugin:v4.1.0,debian 11.3,2,2.1,AV:L/AC:L/Au:N/C:N/I:P/A:N,https://security-tracker.debian.org/tracker/CVE-2004-0971,30/09/2004,,,FALSE,lab1,csi-driver-nfs,daemonset,csi-nfs-node,nfs,sha256:7e92ad97b3b3d4196392cff3f71c557f77c95f471975cd1308c817246c965585,4,
CVE-2004-0971,Negligible,libkrb5support0,1.18.3-6+deb11u1,os,,registry.k8s.io/sig-storage/nfsplugin:v4.1.0,debian 11.3,2,2.1,AV:L/AC:L/Au:N/C:N/I:P/A:N,https://security-tracker.debian.org/tracker/CVE-2004-0971,30/09/2004,,,FALSE,lab1,csi-driver-nfs,daemonset,csi-nfs-node,nfs,sha256:7e92ad97b3b3d4196392cff3f71c557f77c95f471975cd1308c817246c965585,4,
CVE-2013-4392,Negligible,libsystemd0,247.3-7,os,,registry.k8s.io/sig-storage/nfsplugin:v4.1.0,debian 11.3,2,3.3,AV:L/AC:M/Au:N/C:P/I:P/A:N,https://security-tracker.debian.org/tracker/CVE-2013-4392,20/09/2012,,,FALSE,lab1,csi-driver-nfs,daemonset,csi-nfs-node,nfs,sha256:7e92ad97b3b3d4196392cff3f71c557f77c95f471975cd1308c817246c965585,4,
CVE-2013-4392,Negligible,libudev1,247.3-7,os,,registry.k8s.io/sig-storage/nfsplugin:v4.1.0,debian 11.3,2,3.3,AV:L/AC:M/Au:N/C:P/I:P/A:N,https://security-tracker.debian.org/tracker/CVE-2013-4392,20/09/2012,,,FALSE,lab1,csi-driver-nfs,daemonset,csi-nfs-node,nfs,sha256:7e92ad97b3b3d4196392cff3f71c557f77c95f471975cd1308c817246c965585,4,
CVE-2011-3374,Negligible,apt,2.2.4,os,,registry.k8s.io/sig-storage/nfsplugin:v4.1.0,debian 11.3,3.1,3.7,CVSS:3.1/AV:N/AC:H/PR:N/UI:N/S:U/C:N/I:L/A:N,https://security-tracker.debian.org/tracker/CVE-2011-3374,22/09/2011,,,FALSE,lab1,csi-driver-nfs,daemonset,csi-nfs-node,nfs,sha256:7e92ad97b3b3d4196392cff3f71c557f77c95f471975cd1308c817246c965585,4,
CVE-2011-3374,Negligible,libapt-pkg6.0,2.2.4,os,,registry.k8s.io/sig-storage/nfsplugin:v4.1.0,debian 11.3,3.1,3.7,CVSS:3.1/AV:N/AC:H/PR:N/UI:N/S:U/C:N/I:L/A:N,https://security-tracker.debian.org/tracker/CVE-2011-3374,22/09/2011,,,FALSE,lab1,csi-driver-nfs,daemonset,csi-nfs-node,nfs,sha256:7e92ad97b3b3d4196392cff3f71c557f77c95f471975cd1308c817246c965585,4,
CVE-2010-0928,Negligible,libssl1.1,1.1.1n-0+deb11u3,os,,registry.k8s.io/sig-storage/nfsplugin:v4.1.0,debian 11.3,2,4,AV:L/AC:H/Au:N/C:C/I:N/A:N,https://security-tracker.debian.org/tracker/CVE-2010-0928,5/03/2010,,,FALSE,lab1,csi-driver-nfs,daemonset,csi-nfs-node,nfs,sha256:7e92ad97b3b3d4196392cff3f71c557f77c95f471975cd1308c817246c965585,4,
CVE-2010-0928,Negligible,openssl,1.1.1n-0+deb11u3,os,,registry.k8s.io/sig-storage/nfsplugin:v4.1.0,debian 11.3,2,4,AV:L/AC:H/Au:N/C:C/I:N/A:N,https://security-tracker.debian.org/tracker/CVE-2010-0928,5/03/2010,,,FALSE,lab1,csi-driver-nfs,daemonset,csi-nfs-node,nfs,sha256:7e92ad97b3b3d4196392cff3f71c557f77c95f471975cd1308c817246c965585,4,
CVE-2010-4756,Negligible,libc-bin,2.31-13+deb11u3,os,,registry.k8s.io/sig-storage/nfsplugin:v4.1.0,debian 11.3,2,4,AV:N/AC:L/Au:S/C:N/I:N/A:P,https://security-tracker.debian.org/tracker/CVE-2010-4756,7/10/2010,,,FALSE,lab1,csi-driver-nfs,daemonset,csi-nfs-node,nfs,sha256:7e92ad97b3b3d4196392cff3f71c557f77c95f471975cd1308c817246c965585,4,2.31-13+deb11u4
CVE-2010-4756,Negligible,libc6,2.31-13+deb11u3,os,,registry.k8s.io/sig-storage/nfsplugin:v4.1.0,debian 11.3,2,4,AV:N/AC:L/Au:S/C:N/I:N/A:P,https://security-tracker.debian.org/tracker/CVE-2010-4756,7/10/2010,,,FALSE,lab1,csi-driver-nfs,daemonset,csi-nfs-node,nfs,sha256:7e92ad97b3b3d4196392cff3f71c557f77c95f471975cd1308c817246c965585,4,2.31-13+deb11u4
CVE-2020-15719,Negligible,libldap-2.4-2,2.4.57+dfsg-3+deb11u1,os,,registry.k8s.io/sig-storage/nfsplugin:v4.1.0,debian 11.3,3.1,4.2,CVSS:3.1/AV:N/AC:H/PR:N/UI:R/S:U/C:L/I:L/A:N,https://security-tracker.debian.org/tracker/CVE-2020-15719,12/08/2019,,,FALSE,lab1,csi-driver-nfs,daemonset,csi-nfs-node,nfs,sha256:7e92ad97b3b3d4196392cff3f71c557f77c95f471975cd1308c817246c965585,4,
CVE-2011-3389,Negligible,libgnutls30,3.7.1-5,os,,registry.k8s.io/sig-storage/nfsplugin:v4.1.0,debian 11.3,2,4.3,AV:N/AC:M/Au:N/C:P/I:N/A:N,https://security-tracker.debian.org/tracker/CVE-2011-3389,31/08/2011,,,FALSE,lab1,csi-driver-nfs,daemonset,csi-nfs-node,nfs,sha256:7e92ad97b3b3d4196392cff3f71c557f77c95f471975cd1308c817246c965585,4,3.7.1-5+deb11u2
CVE-2017-18018,Negligible,coreutils,8.32-4+b1,os,,registry.k8s.io/sig-storage/nfsplugin:v4.1.0,debian 11.3,3,4.7,CVSS:3.0/AV:L/AC:H/PR:L/UI:N/S:U/C:N/I:H/A:N,https://security-tracker.debian.org/tracker/CVE-2017-18018,20/12/2017,,,FALSE,lab1,csi-driver-nfs,daemonset,csi-nfs-node,nfs,sha256:7e92ad97b3b3d4196392cff3f71c557f77c95f471975cd1308c817246c965585,4,
CVE-2013-4235,Negligible,login,1:4.8.1-1,os,,registry.k8s.io/sig-storage/nfsplugin:v4.1.0,debian 11.3,3.1,4.7,CVSS:3.1/AV:L/AC:H/PR:L/UI:N/S:U/C:N/I:H/A:N,https://security-tracker.debian.org/tracker/CVE-2013-4235,6/02/2015,,,FALSE,lab1,csi-driver-nfs,daemonset,csi-nfs-node,nfs,sha256:7e92ad97b3b3d4196392cff3f71c557f77c95f471975cd1308c817246c965585,4,
CVE-2013-4235,Negligible,passwd,1:4.8.1-1,os,,registry.k8s.io/sig-storage/nfsplugin:v4.1.0,debian 11.3,3.1,4.7,CVSS:3.1/AV:L/AC:H/PR:L/UI:N/S:U/C:N/I:H/A:N,https://security-tracker.debian.org/tracker/CVE-2013-4235,6/02/2015,,,FALSE,lab1,csi-driver-nfs,daemonset,csi-nfs-node,nfs,sha256:7e92ad97b3b3d4196392cff3f71c557f77c95f471975cd1308c817246c965585,4,
CVE-2017-14159,Negligible,libldap-2.4-2,2.4.57+dfsg-3+deb11u1,os,,registry.k8s.io/sig-storage/nfsplugin:v4.1.0,debian 11.3,3.1,4.7,CVSS:3.1/AV:L/AC:H/PR:L/UI:N/S:U/C:N/I:N/A:H,https://security-tracker.debian.org/tracker/CVE-2017-14159,28/07/2017,,,FALSE,lab1,csi-driver-nfs,daemonset,csi-nfs-node,nfs,sha256:7e92ad97b3b3d4196392cff3f71c557f77c95f471975cd1308c817246c965585,4,
CVE-2007-5686,Negligible,login,1:4.8.1-1,os,,registry.k8s.io/sig-storage/nfsplugin:v4.1.0,debian 11.3,2,4.9,AV:L/AC:L/Au:N/C:C/I:N/A:N,https://security-tracker.debian.org/tracker/CVE-2007-5686,11/10/2007,,,FALSE,lab1,csi-driver-nfs,daemonset,csi-nfs-node,nfs,sha256:7e92ad97b3b3d4196392cff3f71c557f77c95f471975cd1308c817246c965585,4,
CVE-2007-5686,Negligible,passwd,1:4.8.1-1,os,,registry.k8s.io/sig-storage/nfsplugin:v4.1.0,debian 11.3,2,4.9,AV:L/AC:L/Au:N/C:C/I:N/A:N,https://security-tracker.debian.org/tracker/CVE-2007-5686,11/10/2007,,,FALSE,lab1,csi-driver-nfs,daemonset,csi-nfs-node,nfs,sha256:7e92ad97b3b3d4196392cff3f71c557f77c95f471975cd1308c817246c965585,4,
CVE-2015-3276,Negligible,libldap-2.4-2,2.4.57+dfsg-3+deb11u1,os,,registry.k8s.io/sig-storage/nfsplugin:v4.1.0,debian 11.3,2,5,AV:N/AC:L/Au:N/C:N/I:P/A:N,https://security-tracker.debian.org/tracker/CVE-2015-3276,15/07/2015,,,FALSE,lab1,csi-driver-nfs,daemonset,csi-nfs-node,nfs,sha256:7e92ad97b3b3d4196392cff3f71c557f77c95f471975cd1308c817246c965585,4,
CVE-2019-1010024,Negligible,libc-bin,2.31-13+deb11u3,os,,registry.k8s.io/sig-storage/nfsplugin:v4.1.0,debian 11.3,3,5.3,CVSS:3.0/AV:N/AC:L/PR:N/UI:N/S:U/C:L/I:N/A:N,https://security-tracker.debian.org/tracker/CVE-2019-1010024,16/02/2018,,,FALSE,lab1,csi-driver-nfs,daemonset,csi-nfs-node,nfs,sha256:7e92ad97b3b3d4196392cff3f71c557f77c95f471975cd1308c817246c965585,4,2.31-13+deb11u4
CVE-2019-1010024,Negligible,libc6,2.31-13+deb11u3,os,,registry.k8s.io/sig-storage/nfsplugin:v4.1.0,debian 11.3,3,5.3,CVSS:3.0/AV:N/AC:L/PR:N/UI:N/S:U/C:L/I:N/A:N,https://security-tracker.debian.org/tracker/CVE-2019-1010024,16/02/2018,,,FALSE,lab1,csi-driver-nfs,daemonset,csi-nfs-node,nfs,sha256:7e92ad97b3b3d4196392cff3f71c557f77c95f471975cd1308c817246c965585,4,2.31-13+deb11u4
CVE-2019-1010025,Negligible,libc-bin,2.31-13+deb11u3,os,,registry.k8s.io/sig-storage/nfsplugin:v4.1.0,debian 11.3,3,5.3,CVSS:3.0/AV:N/AC:L/PR:N/UI:N/S:U/C:L/I:N/A:N,https://security-tracker.debian.org/tracker/CVE-2019-1010025,16/02/2018,,,FALSE,lab1,csi-driver-nfs,daemonset,csi-nfs-node,nfs,sha256:7e92ad97b3b3d4196392cff3f71c557f77c95f471975cd1308c817246c965585,4,2.31-13+deb11u4
CVE-2019-1010025,Negligible,libc6,2.31-13+deb11u3,os,,registry.k8s.io/sig-storage/nfsplugin:v4.1.0,debian 11.3,3,5.3,CVSS:3.0/AV:N/AC:L/PR:N/UI:N/S:U/C:L/I:N/A:N,https://security-tracker.debian.org/tracker/CVE-2019-1010025,16/02/2018,,,FALSE,lab1,csi-driver-nfs,daemonset,csi-nfs-node,nfs,sha256:7e92ad97b3b3d4196392cff3f71c557f77c95f471975cd1308c817246c965585,4,2.31-13+deb11u4
CVE-2022-0563,Negligible,bsdutils,1:2.36.1-8+deb11u1,os,,registry.k8s.io/sig-storage/nfsplugin:v4.1.0,debian 11.3,3.1,5.5,CVSS:3.1/AV:L/AC:L/PR:L/UI:N/S:U/C:H/I:N/A:N,https://security-tracker.debian.org/tracker/CVE-2022-0563,14/02/2022,,,FALSE,lab1,csi-driver-nfs,daemonset,csi-nfs-node,nfs,sha256:7e92ad97b3b3d4196392cff3f71c557f77c95f471975cd1308c817246c965585,4,
CVE-2022-0563,Negligible,libblkid1,2.36.1-8+deb11u1,os,,registry.k8s.io/sig-storage/nfsplugin:v4.1.0,debian 11.3,3.1,5.5,CVSS:3.1/AV:L/AC:L/PR:L/UI:N/S:U/C:H/I:N/A:N,https://security-tracker.debian.org/tracker/CVE-2022-0563,14/02/2022,,,FALSE,lab1,csi-driver-nfs,daemonset,csi-nfs-node,nfs,sha256:7e92ad97b3b3d4196392cff3f71c557f77c95f471975cd1308c817246c965585,4,
CVE-2022-0563,Negligible,libmount1,2.36.1-8+deb11u1,os,,registry.k8s.io/sig-storage/nfsplugin:v4.1.0,debian 11.3,3.1,5.5,CVSS:3.1/AV:L/AC:L/PR:L/UI:N/S:U/C:H/I:N/A:N,https://security-tracker.debian.org/tracker/CVE-2022-0563,14/02/2022,,,FALSE,lab1,csi-driver-nfs,daemonset,csi-nfs-node,nfs,sha256:7e92ad97b3b3d4196392cff3f71c557f77c95f471975cd1308c817246c965585,4,
CVE-2022-0563,Negligible,libsmartcols1,2.36.1-8+deb11u1,os,,registry.k8s.io/sig-storage/nfsplugin:v4.1.0,debian 11.3,3.1,5.5,CVSS:3.1/AV:L/AC:L/PR:L/UI:N/S:U/C:H/I:N/A:N,https://security-tracker.debian.org/tracker/CVE-2022-0563,14/02/2022,,,FALSE,lab1,csi-driver-nfs,daemonset,csi-nfs-node,nfs,sha256:7e92ad97b3b3d4196392cff3f71c557f77c95f471975cd1308c817246c965585,4,
CVE-2022-0563,Negligible,libuuid1,2.36.1-8+deb11u1,os,,registry.k8s.io/sig-storage/nfsplugin:v4.1.0,debian 11.3,3.1,5.5,CVSS:3.1/AV:L/AC:L/PR:L/UI:N/S:U/C:H/I:N/A:N,https://security-tracker.debian.org/tracker/CVE-2022-0563,14/02/2022,,,FALSE,lab1,csi-driver-nfs,daemonset,csi-nfs-node,nfs,sha256:7e92ad97b3b3d4196392cff3f71c557f77c95f471975cd1308c817246c965585,4,
CVE-2022-0563,Negligible,mount,2.36.1-8+deb11u1,os,,registry.k8s.io/sig-storage/nfsplugin:v4.1.0,debian 11.3,3.1,5.5,CVSS:3.1/AV:L/AC:L/PR:L/UI:N/S:U/C:H/I:N/A:N,https://security-tracker.debian.org/tracker/CVE-2022-0563,14/02/2022,,,FALSE,lab1,csi-driver-nfs,daemonset,csi-nfs-node,nfs,sha256:7e92ad97b3b3d4196392cff3f71c557f77c95f471975cd1308c817246c965585,4,
CVE-2022-0563,Negligible,util-linux,2.36.1-8+deb11u1,os,,registry.k8s.io/sig-storage/nfsplugin:v4.1.0,debian 11.3,3.1,5.5,CVSS:3.1/AV:L/AC:L/PR:L/UI:N/S:U/C:H/I:N/A:N,https://security-tracker.debian.org/tracker/CVE-2022-0563,14/02/2022,,,FALSE,lab1,csi-driver-nfs,daemonset,csi-nfs-node,nfs,sha256:7e92ad97b3b3d4196392cff3f71c557f77c95f471975cd1308c817246c965585,4,
CVE-2007-6755,Negligible,libssl1.1,1.1.1n-0+deb11u3,os,,registry.k8s.io/sig-storage/nfsplugin:v4.1.0,debian 11.3,2,5.8,AV:N/AC:M/Au:N/C:P/I:P/A:N,https://security-tracker.debian.org/tracker/CVE-2007-6755,21/08/2007,,,FALSE,lab1,csi-driver-nfs,daemonset,csi-nfs-node,nfs,sha256:7e92ad97b3b3d4196392cff3f71c557f77c95f471975cd1308c817246c965585,4,
CVE-2007-6755,Negligible,openssl,1.1.1n-0+deb11u3,os,,registry.k8s.io/sig-storage/nfsplugin:v4.1.0,debian 11.3,2,5.8,AV:N/AC:M/Au:N/C:P/I:P/A:N,https://security-tracker.debian.org/tracker/CVE-2007-6755,21/08/2007,,,FALSE,lab1,csi-driver-nfs,daemonset,csi-nfs-node,nfs,sha256:7e92ad97b3b3d4196392cff3f71c557f77c95f471975cd1308c817246c965585,4,
CVE-2020-13529,Negligible,libsystemd0,247.3-7,os,,registry.k8s.io/sig-storage/nfsplugin:v4.1.0,debian 11.3,3.1,6.1,CVSS:3.1/AV:A/AC:H/PR:N/UI:N/S:C/C:N/I:N/A:H,https://security-tracker.debian.org/tracker/CVE-2020-13529,26/04/2021,,,FALSE,lab1,csi-driver-nfs,daemonset,csi-nfs-node,nfs,sha256:7e92ad97b3b3d4196392cff3f71c557f77c95f471975cd1308c817246c965585,4,
CVE-2020-13529,Negligible,libudev1,247.3-7,os,,registry.k8s.io/sig-storage/nfsplugin:v4.1.0,debian 11.3,3.1,6.1,CVSS:3.1/AV:A/AC:H/PR:N/UI:N/S:C/C:N/I:N/A:H,https://security-tracker.debian.org/tracker/CVE-2020-13529,26/04/2021,,,FALSE,lab1,csi-driver-nfs,daemonset,csi-nfs-node,nfs,sha256:7e92ad97b3b3d4196392cff3f71c557f77c95f471975cd1308c817246c965585,4,
CVE-2018-6829,Negligible,libgcrypt20,1.8.7-6,os,,registry.k8s.io/sig-storage/nfsplugin:v4.1.0,debian 11.3,3,7.5,CVSS:3.0/AV:N/AC:L/PR:N/UI:N/S:U/C:H/I:N/A:N,https://security-tracker.debian.org/tracker/CVE-2018-6829,1/02/2018,,,FALSE,lab1,csi-driver-nfs,daemonset,csi-nfs-node,nfs,sha256:7e92ad97b3b3d4196392cff3f71c557f77c95f471975cd1308c817246c965585,4,
CVE-2018-5709,Negligible,libgssapi-krb5-2,1.18.3-6+deb11u1,os,,registry.k8s.io/sig-storage/nfsplugin:v4.1.0,debian 11.3,3,7.5,CVSS:3.0/AV:N/AC:L/PR:N/UI:N/S:U/C:N/I:H/A:N,https://security-tracker.debian.org/tracker/CVE-2018-5709,15/01/2018,,,FALSE,lab1,csi-driver-nfs,daemonset,csi-nfs-node,nfs,sha256:7e92ad97b3b3d4196392cff3f71c557f77c95f471975cd1308c817246c965585,4,
CVE-2018-5709,Negligible,libk5crypto3,1.18.3-6+deb11u1,os,,registry.k8s.io/sig-storage/nfsplugin:v4.1.0,debian 11.3,3,7.5,CVSS:3.0/AV:N/AC:L/PR:N/UI:N/S:U/C:N/I:H/A:N,https://security-tracker.debian.org/tracker/CVE-2018-5709,15/01/2018,,,FALSE,lab1,csi-driver-nfs,daemonset,csi-nfs-node,nfs,sha256:7e92ad97b3b3d4196392cff3f71c557f77c95f471975cd1308c817246c965585,4,
CVE-2018-5709,Negligible,libkrb5-3,1.18.3-6+deb11u1,os,,registry.k8s.io/sig-storage/nfsplugin:v4.1.0,debian 11.3,3,7.5,CVSS:3.0/AV:N/AC:L/PR:N/UI:N/S:U/C:N/I:H/A:N,https://security-tracker.debian.org/tracker/CVE-2018-5709,15/01/2018,,,FALSE,lab1,csi-driver-nfs,daemonset,csi-nfs-node,nfs,sha256:7e92ad97b3b3d4196392cff3f71c557f77c95f471975cd1308c817246c965585,4,
CVE-2018-5709,Negligible,libkrb5support0,1.18.3-6+deb11u1,os,,registry.k8s.io/sig-storage/nfsplugin:v4.1.0,debian 11.3,3,7.5,CVSS:3.0/AV:N/AC:L/PR:N/UI:N/S:U/C:N/I:H/A:N,https://security-tracker.debian.org/tracker/CVE-2018-5709,15/01/2018,,,FALSE,lab1,csi-driver-nfs,daemonset,csi-nfs-node,nfs,sha256:7e92ad97b3b3d4196392cff3f71c557f77c95f471975cd1308c817246c965585,4,
CVE-2018-20796,Negligible,libc-bin,2.31-13+deb11u3,os,,registry.k8s.io/sig-storage/nfsplugin:v4.1.0,debian 11.3,3,7.5,CVSS:3.0/AV:N/AC:L/PR:N/UI:N/S:U/C:N/I:N/A:H,https://security-tracker.debian.org/tracker/CVE-2018-20796,12/09/2018,,,FALSE,lab1,csi-driver-nfs,daemonset,csi-nfs-node,nfs,sha256:7e92ad97b3b3d4196392cff3f71c557f77c95f471975cd1308c817246c965585,4,2.31-13+deb11u4
CVE-2018-20796,Negligible,libc6,2.31-13+deb11u3,os,,registry.k8s.io/sig-storage/nfsplugin:v4.1.0,debian 11.3,3,7.5,CVSS:3.0/AV:N/AC:L/PR:N/UI:N/S:U/C:N/I:N/A:H,https://security-tracker.debian.org/tracker/CVE-2018-20796,12/09/2018,,,FALSE,lab1,csi-driver-nfs,daemonset,csi-nfs-node,nfs,sha256:7e92ad97b3b3d4196392cff3f71c557f77c95f471975cd1308c817246c965585,4,2.31-13+deb11u4
CVE-2019-9192,Negligible,libc-bin,2.31-13+deb11u3,os,,registry.k8s.io/sig-storage/nfsplugin:v4.1.0,debian 11.3,3,7.5,CVSS:3.0/AV:N/AC:L/PR:N/UI:N/S:U/C:N/I:N/A:H,https://security-tracker.debian.org/tracker/CVE-2019-9192,26/02/2019,,,FALSE,lab1,csi-driver-nfs,daemonset,csi-nfs-node,nfs,sha256:7e92ad97b3b3d4196392cff3f71c557f77c95f471975cd1308c817246c965585,4,2.31-13+deb11u4
CVE-2019-9192,Negligible,libc6,2.31-13+deb11u3,os,,registry.k8s.io/sig-storage/nfsplugin:v4.1.0,debian 11.3,3,7.5,CVSS:3.0/AV:N/AC:L/PR:N/UI:N/S:U/C:N/I:N/A:H,https://security-tracker.debian.org/tracker/CVE-2019-9192,26/02/2019,,,FALSE,lab1,csi-driver-nfs,daemonset,csi-nfs-node,nfs,sha256:7e92ad97b3b3d4196392cff3f71c557f77c95f471975cd1308c817246c965585,4,2.31-13+deb11u4
CVE-2011-4116,Negligible,perl-base,5.32.1-4+deb11u2,os,,registry.k8s.io/sig-storage/nfsplugin:v4.1.0,debian 11.3,3.1,7.5,CVSS:3.1/AV:N/AC:L/PR:N/UI:N/S:U/C:N/I:H/A:N,https://security-tracker.debian.org/tracker/CVE-2011-4116,27/06/2011,,,FALSE,lab1,csi-driver-nfs,daemonset,csi-nfs-node,nfs,sha256:7e92ad97b3b3d4196392cff3f71c557f77c95f471975cd1308c817246c965585,4,
CVE-2017-17740,Negligible,libldap-2.4-2,2.4.57+dfsg-3+deb11u1,os,,registry.k8s.io/sig-storage/nfsplugin:v4.1.0,debian 11.3,3.1,7.5,CVSS:3.1/AV:N/AC:L/PR:N/UI:N/S:U/C:N/I:N/A:H,https://security-tracker.debian.org/tracker/CVE-2017-17740,20/10/2017,,,FALSE,lab1,csi-driver-nfs,daemonset,csi-nfs-node,nfs,sha256:7e92ad97b3b3d4196392cff3f71c557f77c95f471975cd1308c817246c965585,4,
CVE-2019-20838,Negligible,libpcre3,2:8.39-13,os,,registry.k8s.io/sig-storage/nfsplugin:v4.1.0,debian 11.3,3.1,7.5,CVSS:3.1/AV:N/AC:L/PR:N/UI:N/S:U/C:N/I:N/A:H,https://security-tracker.debian.org/tracker/CVE-2019-20838,21/09/2018,,,FALSE,lab1,csi-driver-nfs,daemonset,csi-nfs-node,nfs,sha256:7e92ad97b3b3d4196392cff3f71c557f77c95f471975cd1308c817246c965585,4,
CVE-2017-7245,Negligible,libpcre3,2:8.39-13,os,,registry.k8s.io/sig-storage/nfsplugin:v4.1.0,debian 11.3,3,7.8,CVSS:3.0/AV:L/AC:L/PR:N/UI:R/S:U/C:H/I:H/A:H,https://security-tracker.debian.org/tracker/CVE-2017-7245,20/03/2017,,,FALSE,lab1,csi-driver-nfs,daemonset,csi-nfs-node,nfs,sha256:7e92ad97b3b3d4196392cff3f71c557f77c95f471975cd1308c817246c965585,4,
CVE-2017-7246,Negligible,libpcre3,2:8.39-13,os,,registry.k8s.io/sig-storage/nfsplugin:v4.1.0,debian 11.3,3,7.8,CVSS:3.0/AV:L/AC:L/PR:N/UI:R/S:U/C:H/I:H/A:H,https://security-tracker.debian.org/tracker/CVE-2017-7246,20/03/2017,,,FALSE,lab1,csi-driver-nfs,daemonset,csi-nfs-node,nfs,sha256:7e92ad97b3b3d4196392cff3f71c557f77c95f471975cd1308c817246c965585,4,
CVE-2019-19882,Negligible,login,1:4.8.1-1,os,,registry.k8s.io/sig-storage/nfsplugin:v4.1.0,debian 11.3,3.1,7.8,CVSS:3.1/AV:L/AC:L/PR:L/UI:N/S:U/C:H/I:H/A:H,https://security-tracker.debian.org/tracker/CVE-2019-19882,7/12/2019,,,FALSE,lab1,csi-driver-nfs,daemonset,csi-nfs-node,nfs,sha256:7e92ad97b3b3d4196392cff3f71c557f77c95f471975cd1308c817246c965585,4,
CVE-2019-19882,Negligible,passwd,1:4.8.1-1,os,,registry.k8s.io/sig-storage/nfsplugin:v4.1.0,debian 11.3,3.1,7.8,CVSS:3.1/AV:L/AC:L/PR:L/UI:N/S:U/C:H/I:H/A:H,https://security-tracker.debian.org/tracker/CVE-2019-19882,7/12/2019,,,FALSE,lab1,csi-driver-nfs,daemonset,csi-nfs-node,nfs,sha256:7e92ad97b3b3d4196392cff3f71c557f77c95f471975cd1308c817246c965585,4,
CVE-2021-39537,Negligible,libtinfo6,6.2+20201114-2,os,,registry.k8s.io/sig-storage/nfsplugin:v4.1.0,debian 11.3,3.1,8.8,CVSS:3.1/AV:N/AC:L/PR:N/UI:R/S:U/C:H/I:H/A:H,https://security-tracker.debian.org/tracker/CVE-2021-39537,4/08/2020,,,FALSE,lab1,csi-driver-nfs,daemonset,csi-nfs-node,nfs,sha256:7e92ad97b3b3d4196392cff3f71c557f77c95f471975cd1308c817246c965585,4,
CVE-2019-1010022,Negligible,libc-bin,2.31-13+deb11u3,os,,registry.k8s.io/sig-storage/nfsplugin:v4.1.0,debian 11.3,3,9.8,CVSS:3.0/AV:N/AC:L/PR:N/UI:N/S:U/C:H/I:H/A:H,https://security-tracker.debian.org/tracker/CVE-2019-1010022,2/06/2013,,,FALSE,lab1,csi-driver-nfs,daemonset,csi-nfs-node,nfs,sha256:7e92ad97b3b3d4196392cff3f71c557f77c95f471975cd1308c817246c965585,4,2.31-13+deb11u4
CVE-2019-1010022,Negligible,libc6,2.31-13+deb11u3,os,,registry.k8s.io/sig-storage/nfsplugin:v4.1.0,debian 11.3,3,9.8,CVSS:3.0/AV:N/AC:L/PR:N/UI:N/S:U/C:H/I:H/A:H,https://security-tracker.debian.org/tracker/CVE-2019-1010022,2/06/2013,,,FALSE,lab1,csi-driver-nfs,daemonset,csi-nfs-node,nfs,sha256:7e92ad97b3b3d4196392cff3f71c557f77c95f471975cd1308c817246c965585,4,2.31-13+deb11u4
CVE-2005-2541,Negligible,tar,1.34+dfsg-1,os,,registry.k8s.io/sig-storage/nfsplugin:v4.1.0,debian 11.3,2,10,AV:N/AC:L/Au:N/C:C/I:C/A:C,https://security-tracker.debian.org/tracker/CVE-2005-2541,4/08/2005,,,FALSE,lab1,csi-driver-nfs,daemonset,csi-nfs-node,nfs,sha256:7e92ad97b3b3d4196392cff3f71c557f77c95f471975cd1308c817246c965585,4,
CVE-2022-1996,Critical,github.com/emicklei/go-restful,v2.11.2-0.20200112161605-a7c079c43d51+incompatible,golang,/usr/bin/calico-node,docker.io/calico/node:v3.24.1,redhat 8.6,3.1,9.1,CVSS:3.1/AV:N/AC:L/PR:N/UI:N/S:U/C:H/I:H/A:N,https://nvd.nist.gov/vuln/detail/CVE-2022-1996,29/03/2022,6/06/2022,v2.16.0,FALSE,lab1,kube-system,daemonset,calico-node,calico-node,sha256:75392e3500e3675026eb95f4b400e9af90a9a48616ec6b5ed93883a9fb60f7dc,4,v2.16.0
CVE-2022-2526,High,systemd-libs,239,os,,docker.io/calico/node:v3.24.1,redhat 8.6,3.1,9.8,AV:N/AC:L/PR:N/UI:N/S:U/C:H/I:H/A:H,https://access.redhat.com/security/cve/CVE-2022-2526,7/12/2018,12/01/2019,0:239-58.el8_6.4,FALSE,lab1,kube-system,daemonset,calico-node,calico-node,sha256:75392e3500e3675026eb95f4b400e9af90a9a48616ec6b5ed93883a9fb60f7dc,4,0:239-58.el8_6.4
CVE-2022-2526,High,systemd-pam,239,os,,docker.io/calico/node:v3.24.1,redhat 8.6,3.1,9.8,AV:N/AC:L/PR:N/UI:N/S:U/C:H/I:H/A:H,https://access.redhat.com/security/cve/CVE-2022-2526,7/12/2018,12/01/2019,0:239-58.el8_6.4,FALSE,lab1,kube-system,daemonset,calico-node,calico-node,sha256:75392e3500e3675026eb95f4b400e9af90a9a48616ec6b5ed93883a9fb60f7dc,4,0:239-58.el8_6.4
CVE-2022-3715,Medium,bash,4.4.20,os,,docker.io/calico/node:v3.24.1,redhat 8.6,3.1,5.5,AV:L/AC:H/PR:L/UI:R/S:U/C:L/I:L/A:H,https://access.redhat.com/security/cve/CVE-2022-3715,27/10/2022,,,FALSE,lab1,kube-system,daemonset,calico-node,calico-node,sha256:75392e3500e3675026eb95f4b400e9af90a9a48616ec6b5ed93883a9fb60f7dc,4,
CVE-2021-39537,Medium,ncurses-base,6.1,os,,docker.io/calico/node:v3.24.1,redhat 8.6,3.1,5.5,AV:L/AC:L/PR:N/UI:R/S:U/C:N/I:N/A:H,https://access.redhat.com/security/cve/CVE-2021-39537,4/08/2020,,,FALSE,lab1,kube-system,daemonset,calico-node,calico-node,sha256:75392e3500e3675026eb95f4b400e9af90a9a48616ec6b5ed93883a9fb60f7dc,4,
CVE-2021-39537,Medium,ncurses-libs,6.1,os,,docker.io/calico/node:v3.24.1,redhat 8.6,3.1,5.5,AV:L/AC:L/PR:N/UI:R/S:U/C:N/I:N/A:H,https://access.redhat.com/security/cve/CVE-2021-39537,4/08/2020,,,FALSE,lab1,kube-system,daemonset,calico-node,calico-node,sha256:75392e3500e3675026eb95f4b400e9af90a9a48616ec6b5ed93883a9fb60f7dc,4,
CVE-2021-35937,Medium,rpm,4.14.3,os,,docker.io/calico/node:v3.24.1,redhat 8.6,3.1,6.3,AV:L/AC:H/PR:H/UI:R/S:U/C:H/I:H/A:H,https://access.redhat.com/security/cve/CVE-2021-35937,29/06/2021,,,FALSE,lab1,kube-system,daemonset,calico-node,calico-node,sha256:75392e3500e3675026eb95f4b400e9af90a9a48616ec6b5ed93883a9fb60f7dc,4,
CVE-2021-35937,Medium,rpm-libs,4.14.3,os,,docker.io/calico/node:v3.24.1,redhat 8.6,3.1,6.3,AV:L/AC:H/PR:H/UI:R/S:U/C:H/I:H/A:H,https://access.redhat.com/security/cve/CVE-2021-35937,29/06/2021,,,FALSE,lab1,kube-system,daemonset,calico-node,calico-node,sha256:75392e3500e3675026eb95f4b400e9af90a9a48616ec6b5ed93883a9fb60f7dc,4,
CVE-2018-20839,Medium,systemd-libs,239,os,,docker.io/calico/node:v3.24.1,redhat 8.6,3,6.4,AV:P/AC:L/PR:L/UI:R/S:U/C:H/I:H/A:H,https://access.redhat.com/security/cve/CVE-2018-20839,30/04/2018,,,FALSE,lab1,kube-system,daemonset,calico-node,calico-node,sha256:75392e3500e3675026eb95f4b400e9af90a9a48616ec6b5ed93883a9fb60f7dc,4,0:239-58.el8_6.4
CVE-2018-20839,Medium,systemd-pam,239,os,,docker.io/calico/node:v3.24.1,redhat 8.6,3,6.4,AV:P/AC:L/PR:L/UI:R/S:U/C:H/I:H/A:H,https://access.redhat.com/security/cve/CVE-2018-20839,30/04/2018,,,FALSE,lab1,kube-system,daemonset,calico-node,calico-node,sha256:75392e3500e3675026eb95f4b400e9af90a9a48616ec6b5ed93883a9fb60f7dc,4,0:239-58.el8_6.4
CVE-2021-35938,Medium,rpm,4.14.3,os,,docker.io/calico/node:v3.24.1,redhat 8.6,3.1,6.5,AV:L/AC:L/PR:H/UI:R/S:U/C:H/I:H/A:H,https://access.redhat.com/security/cve/CVE-2021-35938,29/06/2021,,,FALSE,lab1,kube-system,daemonset,calico-node,calico-node,sha256:75392e3500e3675026eb95f4b400e9af90a9a48616ec6b5ed93883a9fb60f7dc,4,
CVE-2021-35938,Medium,rpm-libs,4.14.3,os,,docker.io/calico/node:v3.24.1,redhat 8.6,3.1,6.5,AV:L/AC:L/PR:H/UI:R/S:U/C:H/I:H/A:H,https://access.redhat.com/security/cve/CVE-2021-35938,29/06/2021,,,FALSE,lab1,kube-system,daemonset,calico-node,calico-node,sha256:75392e3500e3675026eb95f4b400e9af90a9a48616ec6b5ed93883a9fb60f7dc,4,
CVE-2021-35939,Medium,rpm,4.14.3,os,,docker.io/calico/node:v3.24.1,redhat 8.6,3.1,6.5,AV:L/AC:L/PR:H/UI:R/S:U/C:H/I:H/A:H,https://access.redhat.com/security/cve/CVE-2021-35939,17/05/2017,,,FALSE,lab1,kube-system,daemonset,calico-node,calico-node,sha256:75392e3500e3675026eb95f4b400e9af90a9a48616ec6b5ed93883a9fb60f7dc,4,
CVE-2021-35939,Medium,rpm-libs,4.14.3,os,,docker.io/calico/node:v3.24.1,redhat 8.6,3.1,6.5,AV:L/AC:L/PR:H/UI:R/S:U/C:H/I:H/A:H,https://access.redhat.com/security/cve/CVE-2021-35939,17/05/2017,,,FALSE,lab1,kube-system,daemonset,calico-node,calico-node,sha256:75392e3500e3675026eb95f4b400e9af90a9a48616ec6b5ed93883a9fb60f7dc,4,
CVE-2021-42694,Medium,libgcc,8.5.0,os,,docker.io/calico/node:v3.24.1,redhat 8.6,3.1,8.5,AV:N/AC:H/PR:L/UI:N/S:C/C:H/I:H/A:H,https://access.redhat.com/security/cve/CVE-2021-42694,1/11/2021,,,FALSE,lab1,kube-system,daemonset,calico-node,calico-node,sha256:75392e3500e3675026eb95f4b400e9af90a9a48616ec6b5ed93883a9fb60f7dc,4,
CVE-2022-37434,Medium,zlib,1.2.11,os,,docker.io/calico/node:v3.24.1,redhat 8.6,3.1,7,AV:N/AC:H/PR:N/UI:N/S:U/C:L/I:L/A:H,https://access.redhat.com/security/cve/CVE-2022-37434,31/07/2022,14/10/2022,0:1.2.11-19.el8_6,FALSE,lab1,kube-system,daemonset,calico-node,calico-node,sha256:75392e3500e3675026eb95f4b400e9af90a9a48616ec6b5ed93883a9fb60f7dc,4,0:1.2.11-19.el8_6
CVE-2019-14250,Low,libgcc,8.5.0,os,,docker.io/calico/node:v3.24.1,redhat 8.6,3,3.3,AV:L/AC:L/PR:N/UI:R/S:U/C:N/I:N/A:L,https://access.redhat.com/security/cve/CVE-2019-14250,18/06/2019,,,FALSE,lab1,kube-system,daemonset,calico-node,calico-node,sha256:75392e3500e3675026eb95f4b400e9af90a9a48616ec6b5ed93883a9fb60f7dc,4,
CVE-2018-19211,Low,ncurses-base,6.1,os,,docker.io/calico/node:v3.24.1,redhat 8.6,3,4.7,AV:L/AC:H/PR:N/UI:R/S:U/C:N/I:N/A:H,https://access.redhat.com/security/cve/CVE-2018-19211,12/04/2018,,,FALSE,lab1,kube-system,daemonset,calico-node,calico-node,sha256:75392e3500e3675026eb95f4b400e9af90a9a48616ec6b5ed93883a9fb60f7dc,4,
CVE-2018-19211,Low,ncurses-libs,6.1,os,,docker.io/calico/node:v3.24.1,redhat 8.6,3,4.7,AV:L/AC:H/PR:N/UI:R/S:U/C:N/I:N/A:H,https://access.redhat.com/security/cve/CVE-2018-19211,12/04/2018,,,FALSE,lab1,kube-system,daemonset,calico-node,calico-node,sha256:75392e3500e3675026eb95f4b400e9af90a9a48616ec6b5ed93883a9fb60f7dc,4,
CVE-2018-19217,Low,ncurses-base,6.1,os,,docker.io/calico/node:v3.24.1,redhat 8.6,3,4.7,AV:L/AC:H/PR:N/UI:R/S:U/C:N/I:N/A:H,https://access.redhat.com/security/cve/CVE-2018-19217,28/10/2018,,,FALSE,lab1,kube-system,daemonset,calico-node,calico-node,sha256:75392e3500e3675026eb95f4b400e9af90a9a48616ec6b5ed93883a9fb60f7dc,4,
CVE-2018-19217,Low,ncurses-libs,6.1,os,,docker.io/calico/node:v3.24.1,redhat 8.6,3,4.7,AV:L/AC:H/PR:N/UI:R/S:U/C:N/I:N/A:H,https://access.redhat.com/security/cve/CVE-2018-19217,28/10/2018,,,FALSE,lab1,kube-system,daemonset,calico-node,calico-node,sha256:75392e3500e3675026eb95f4b400e9af90a9a48616ec6b5ed93883a9fb60f7dc,4,
CVE-2021-24032,Low,libzstd,1.4.4,os,,docker.io/calico/node:v3.24.1,redhat 8.6,3.1,5.5,AV:L/AC:L/PR:L/UI:N/S:U/C:H/I:N/A:N,https://access.redhat.com/security/cve/CVE-2021-24032,4/06/2019,,,FALSE,lab1,kube-system,daemonset,calico-node,calico-node,sha256:75392e3500e3675026eb95f4b400e9af90a9a48616ec6b5ed93883a9fb60f7dc,4,
CVE-2021-3997,Low,systemd-libs,239,os,,docker.io/calico/node:v3.24.1,redhat 8.6,3.1,5.5,AV:L/AC:L/PR:L/UI:N/S:U/C:N/I:N/A:H,https://access.redhat.com/security/cve/CVE-2021-3997,10/01/2022,,,FALSE,lab1,kube-system,daemonset,calico-node,calico-node,sha256:75392e3500e3675026eb95f4b400e9af90a9a48616ec6b5ed93883a9fb60f7dc,4,0:239-58.el8_6.4
CVE-2021-3997,Low,systemd-pam,239,os,,docker.io/calico/node:v3.24.1,redhat 8.6,3.1,5.5,AV:L/AC:L/PR:L/UI:N/S:U/C:N/I:N/A:H,https://access.redhat.com/security/cve/CVE-2021-3997,10/01/2022,,,FALSE,lab1,kube-system,daemonset,calico-node,calico-node,sha256:75392e3500e3675026eb95f4b400e9af90a9a48616ec6b5ed93883a9fb60f7dc,4,0:239-58.el8_6.4
CVE-2022-27943,Low,libgcc,8.5.0,os,,docker.io/calico/node:v3.24.1,redhat 8.6,3.1,5.5,AV:L/AC:L/PR:N/UI:R/S:U/C:N/I:N/A:H,https://access.redhat.com/security/cve/CVE-2022-27943,23/03/2022,,,FALSE,lab1,kube-system,daemonset,calico-node,calico-node,sha256:75392e3500e3675026eb95f4b400e9af90a9a48616ec6b5ed93883a9fb60f7dc,4,
CVE-2018-20657,Low,libgcc,8.5.0,os,,docker.io/calico/node:v3.24.1,redhat 8.6,3,3.3,AV:L/AC:L/PR:N/UI:R/S:U/C:N/I:N/A:L,https://access.redhat.com/security/cve/CVE-2018-20657,18/12/2018,,,TRUE,lab1,kube-system,daemonset,calico-node,calico-node,sha256:75392e3500e3675026eb95f4b400e9af90a9a48616ec6b5ed93883a9fb60f7dc,4,
CVE-2022-1996,Critical,github.com/emicklei/go-restful,v2.11.2-0.20200112161605-a7c079c43d51+incompatible,golang,/usr/bin/kube-controllers,docker.io/calico/kube-controllers:v3.24.1,,3.1,9.1,CVSS:3.1/AV:N/AC:L/PR:N/UI:N/S:U/C:H/I:H/A:N,https://nvd.nist.gov/vuln/detail/CVE-2022-1996,29/03/2022,6/06/2022,v2.16.0,FALSE,lab1,kube-system,deployment,calico-kube-controllers,calico-kube-controllers,sha256:f9c3c1813269cff6c2290c404f0997b5a597e366cc0a6e42d076dec32776c461,1,v2.16.0
CVE-2021-46848,Critical,libtasn1-6,4.16.0-2,os,,registry.k8s.io/sig-storage/nfsplugin:v4.1.0,debian 11.3,3.1,9.1,CVSS:3.1/AV:N/AC:L/PR:N/UI:N/S:U/C:H/I:N/A:H,https://nvd.nist.gov/vuln/detail/CVE-2021-46848,4/02/2020,,,FALSE,lab1,csi-driver-nfs,deployment,csi-nfs-controller,nfs,sha256:7e92ad97b3b3d4196392cff3f71c557f77c95f471975cd1308c817246c965585,1,
CVE-2019-8457,Critical,libdb5.3,5.3.28+dfsg1-0.8,os,,registry.k8s.io/sig-storage/nfsplugin:v4.1.0,debian 11.3,3.1,9.8,CVSS:3.1/AV:N/AC:L/PR:N/UI:N/S:U/C:H/I:H/A:H,https://nvd.nist.gov/vuln/detail/CVE-2019-8457,20/03/2019,,,FALSE,lab1,csi-driver-nfs,deployment,csi-nfs-controller,nfs,sha256:7e92ad97b3b3d4196392cff3f71c557f77c95f471975cd1308c817246c965585,1,
CVE-2022-1586,Critical,libpcre2-8-0,10.36-2,os,,registry.k8s.io/sig-storage/nfsplugin:v4.1.0,debian 11.3,3.1,9.1,CVSS:3.1/AV:N/AC:L/PR:N/UI:N/S:U/C:H/I:N/A:H,https://nvd.nist.gov/vuln/detail/CVE-2022-1586,23/03/2022,15/04/2022,10.36-2+deb11u1,FALSE,lab1,csi-driver-nfs,deployment,csi-nfs-controller,nfs,sha256:7e92ad97b3b3d4196392cff3f71c557f77c95f471975cd1308c817246c965585,1,10.36-2+deb11u1
CVE-2022-1587,Critical,libpcre2-8-0,10.36-2,os,,registry.k8s.io/sig-storage/nfsplugin:v4.1.0,debian 11.3,3.1,9.1,CVSS:3.1/AV:N/AC:L/PR:N/UI:N/S:U/C:H/I:N/A:H,https://nvd.nist.gov/vuln/detail/CVE-2022-1587,26/03/2022,15/04/2022,10.36-2+deb11u1,FALSE,lab1,csi-driver-nfs,deployment,csi-nfs-controller,nfs,sha256:7e92ad97b3b3d4196392cff3f71c557f77c95f471975cd1308c817246c965585,1,10.36-2+deb11u1
CVE-2022-37434,Critical,zlib1g,1:1.2.11.dfsg-2+deb11u1,os,,registry.k8s.io/sig-storage/nfsplugin:v4.1.0,debian 11.3,3.1,9.8,CVSS:3.1/AV:N/AC:L/PR:N/UI:N/S:U/C:H/I:H/A:H,https://nvd.nist.gov/vuln/detail/CVE-2022-37434,31/07/2022,14/10/2022,1:1.2.11.dfsg-2+deb11u2,FALSE,lab1,csi-driver-nfs,deployment,csi-nfs-controller,nfs,sha256:7e92ad97b3b3d4196392cff3f71c557f77c95f471975cd1308c817246c965585,1,1:1.2.11.dfsg-2+deb11u2
CVE-2022-29458,High,libtinfo6,6.2+20201114-2,os,,registry.k8s.io/sig-storage/nfsplugin:v4.1.0,debian 11.3,3.1,7.1,CVSS:3.1/AV:L/AC:L/PR:N/UI:R/S:U/C:H/I:N/A:H,https://nvd.nist.gov/vuln/detail/CVE-2022-29458,16/04/2022,,,FALSE,lab1,csi-driver-nfs,deployment,csi-nfs-controller,nfs,sha256:7e92ad97b3b3d4196392cff3f71c557f77c95f471975cd1308c817246c965585,1,
CVE-2021-33560,High,libgcrypt20,1.8.7-6,os,,registry.k8s.io/sig-storage/nfsplugin:v4.1.0,debian 11.3,3.1,7.5,CVSS:3.1/AV:N/AC:L/PR:N/UI:N/S:U/C:H/I:N/A:N,https://nvd.nist.gov/vuln/detail/CVE-2021-33560,13/04/2021,,,FALSE,lab1,csi-driver-nfs,deployment,csi-nfs-controller,nfs,sha256:7e92ad97b3b3d4196392cff3f71c557f77c95f471975cd1308c817246c965585,1,
CVE-2020-16156,High,perl-base,5.32.1-4+deb11u2,os,,registry.k8s.io/sig-storage/nfsplugin:v4.1.0,debian 11.3,3.1,7.8,CVSS:3.1/AV:L/AC:L/PR:N/UI:R/S:U/C:H/I:H/A:H,https://nvd.nist.gov/vuln/detail/CVE-2020-16156,23/11/2021,,,FALSE,lab1,csi-driver-nfs,deployment,csi-nfs-controller,nfs,sha256:7e92ad97b3b3d4196392cff3f71c557f77c95f471975cd1308c817246c965585,1,
CVE-2021-46828,High,libtirpc-common,1.3.1-1,os,,registry.k8s.io/sig-storage/nfsplugin:v4.1.0,debian 11.3,3.1,7.5,CVSS:3.1/AV:N/AC:L/PR:N/UI:N/S:U/C:N/I:N/A:H,https://nvd.nist.gov/vuln/detail/CVE-2021-46828,21/08/2021,21/08/2021,1.3.1-1+deb11u1,FALSE,lab1,csi-driver-nfs,deployment,csi-nfs-controller,nfs,sha256:7e92ad97b3b3d4196392cff3f71c557f77c95f471975cd1308c817246c965585,1,1.3.1-1+deb11u1
CVE-2021-46828,High,libtirpc3,1.3.1-1,os,,registry.k8s.io/sig-storage/nfsplugin:v4.1.0,debian 11.3,3.1,7.5,CVSS:3.1/AV:N/AC:L/PR:N/UI:N/S:U/C:N/I:N/A:H,https://nvd.nist.gov/vuln/detail/CVE-2021-46828,21/08/2021,21/08/2021,1.3.1-1+deb11u1,FALSE,lab1,csi-driver-nfs,deployment,csi-nfs-controller,nfs,sha256:7e92ad97b3b3d4196392cff3f71c557f77c95f471975cd1308c817246c965585,1,1.3.1-1+deb11u1
CVE-2022-2509,High,libgnutls30,3.7.1-5,os,,registry.k8s.io/sig-storage/nfsplugin:v4.1.0,debian 11.3,3.1,7.5,CVSS:3.1/AV:N/AC:L/PR:N/UI:N/S:U/C:N/I:N/A:H,https://nvd.nist.gov/vuln/detail/CVE-2022-2509,22/07/2022,28/07/2022,3.7.1-5+deb11u2,FALSE,lab1,csi-driver-nfs,deployment,csi-nfs-controller,nfs,sha256:7e92ad97b3b3d4196392cff3f71c557f77c95f471975cd1308c817246c965585,1,3.7.1-5+deb11u2
CVE-2021-3999,High,libc-bin,2.31-13+deb11u3,os,,registry.k8s.io/sig-storage/nfsplugin:v4.1.0,debian 11.3,3.1,7.8,CVSS:3.1/AV:L/AC:L/PR:L/UI:N/S:U/C:H/I:H/A:H,https://nvd.nist.gov/vuln/detail/CVE-2021-3999,10/01/2022,3/02/2022,2.31-13+deb11u4,FALSE,lab1,csi-driver-nfs,deployment,csi-nfs-controller,nfs,sha256:7e92ad97b3b3d4196392cff3f71c557f77c95f471975cd1308c817246c965585,1,2.31-13+deb11u4
CVE-2021-3999,High,libc6,2.31-13+deb11u3,os,,registry.k8s.io/sig-storage/nfsplugin:v4.1.0,debian 11.3,3.1,7.8,CVSS:3.1/AV:L/AC:L/PR:L/UI:N/S:U/C:H/I:H/A:H,https://nvd.nist.gov/vuln/detail/CVE-2021-3999,10/01/2022,3/02/2022,2.31-13+deb11u4,FALSE,lab1,csi-driver-nfs,deployment,csi-nfs-controller,nfs,sha256:7e92ad97b3b3d4196392cff3f71c557f77c95f471975cd1308c817246c965585,1,2.31-13+deb11u4
CVE-2022-2097,Medium,libssl1.1,1.1.1n-0+deb11u3,os,,registry.k8s.io/sig-storage/nfsplugin:v4.1.0,debian 11.3,3.1,5.3,CVSS:3.1/AV:N/AC:L/PR:N/UI:N/S:U/C:L/I:N/A:N,https://nvd.nist.gov/vuln/detail/CVE-2022-2097,5/07/2022,,,FALSE,lab1,csi-driver-nfs,deployment,csi-nfs-controller,nfs,sha256:7e92ad97b3b3d4196392cff3f71c557f77c95f471975cd1308c817246c965585,1,
CVE-2022-2097,Medium,openssl,1.1.1n-0+deb11u3,os,,registry.k8s.io/sig-storage/nfsplugin:v4.1.0,debian 11.3,3.1,5.3,CVSS:3.1/AV:N/AC:L/PR:N/UI:N/S:U/C:L/I:N/A:N,https://nvd.nist.gov/vuln/detail/CVE-2022-2097,5/07/2022,,,FALSE,lab1,csi-driver-nfs,deployment,csi-nfs-controller,nfs,sha256:7e92ad97b3b3d4196392cff3f71c557f77c95f471975cd1308c817246c965585,1,
CVE-2021-4209,Medium,libgnutls30,3.7.1-5,os,,registry.k8s.io/sig-storage/nfsplugin:v4.1.0,debian 11.3,3.1,6.5,CVSS:3.1/AV:N/AC:L/PR:L/UI:N/S:U/C:N/I:N/A:H,https://nvd.nist.gov/vuln/detail/CVE-2021-4209,22/12/2021,18/01/2022,3.7.1-5+deb11u1,FALSE,lab1,csi-driver-nfs,deployment,csi-nfs-controller,nfs,sha256:7e92ad97b3b3d4196392cff3f71c557f77c95f471975cd1308c817246c965585,1,3.7.1-5+deb11u2
CVE-2021-36085,Low,libsepol1,3.1-1,os,,registry.k8s.io/sig-storage/nfsplugin:v4.1.0,debian 11.3,3.1,3.3,CVSS:3.1/AV:L/AC:L/PR:L/UI:N/S:U/C:N/I:N/A:L,https://nvd.nist.gov/vuln/detail/CVE-2021-36085,19/04/2021,,,FALSE,lab1,csi-driver-nfs,deployment,csi-nfs-controller,nfs,sha256:7e92ad97b3b3d4196392cff3f71c557f77c95f471975cd1308c817246c965585,1,
CVE-2021-36086,Low,libsepol1,3.1-1,os,,registry.k8s.io/sig-storage/nfsplugin:v4.1.0,debian 11.3,3.1,3.3,CVSS:3.1/AV:L/AC:L/PR:L/UI:N/S:U/C:N/I:N/A:L,https://nvd.nist.gov/vuln/detail/CVE-2021-36086,19/04/2021,,,FALSE,lab1,csi-driver-nfs,deployment,csi-nfs-controller,nfs,sha256:7e92ad97b3b3d4196392cff3f71c557f77c95f471975cd1308c817246c965585,1,
CVE-2021-36087,Low,libsepol1,3.1-1,os,,registry.k8s.io/sig-storage/nfsplugin:v4.1.0,debian 11.3,3.1,3.3,CVSS:3.1/AV:L/AC:L/PR:L/UI:N/S:U/C:N/I:N/A:L,https://nvd.nist.gov/vuln/detail/CVE-2021-36087,21/04/2021,,,FALSE,lab1,csi-driver-nfs,deployment,csi-nfs-controller,nfs,sha256:7e92ad97b3b3d4196392cff3f71c557f77c95f471975cd1308c817246c965585,1,
CVE-2021-36084,Low,libsepol1,3.1-1,os,,registry.k8s.io/sig-storage/nfsplugin:v4.1.0,debian 11.3,3.1,3.3,CVSS:3.1/AV:L/AC:L/PR:N/UI:R/S:U/C:N/I:N/A:L,https://nvd.nist.gov/vuln/detail/CVE-2021-36084,19/04/2021,,,FALSE,lab1,csi-driver-nfs,deployment,csi-nfs-controller,nfs,sha256:7e92ad97b3b3d4196392cff3f71c557f77c95f471975cd1308c817246c965585,1,
CVE-2016-2781,Low,coreutils,8.32-4+b1,os,,registry.k8s.io/sig-storage/nfsplugin:v4.1.0,debian 11.3,3,6.5,CVSS:3.0/AV:L/AC:L/PR:L/UI:N/S:C/C:N/I:H/A:N,https://security-tracker.debian.org/tracker/CVE-2016-2781,28/02/2016,,,FALSE,lab1,csi-driver-nfs,deployment,csi-nfs-controller,nfs,sha256:7e92ad97b3b3d4196392cff3f71c557f77c95f471975cd1308c817246c965585,1,
CVE-2004-0971,Negligible,libgssapi-krb5-2,1.18.3-6+deb11u1,os,,registry.k8s.io/sig-storage/nfsplugin:v4.1.0,debian 11.3,2,2.1,AV:L/AC:L/Au:N/C:N/I:P/A:N,https://security-tracker.debian.org/tracker/CVE-2004-0971,30/09/2004,,,FALSE,lab1,csi-driver-nfs,deployment,csi-nfs-controller,nfs,sha256:7e92ad97b3b3d4196392cff3f71c557f77c95f471975cd1308c817246c965585,1,
CVE-2004-0971,Negligible,libk5crypto3,1.18.3-6+deb11u1,os,,registry.k8s.io/sig-storage/nfsplugin:v4.1.0,debian 11.3,2,2.1,AV:L/AC:L/Au:N/C:N/I:P/A:N,https://security-tracker.debian.org/tracker/CVE-2004-0971,30/09/2004,,,FALSE,lab1,csi-driver-nfs,deployment,csi-nfs-controller,nfs,sha256:7e92ad97b3b3d4196392cff3f71c557f77c95f471975cd1308c817246c965585,1,
CVE-2004-0971,Negligible,libkrb5-3,1.18.3-6+deb11u1,os,,registry.k8s.io/sig-storage/nfsplugin:v4.1.0,debian 11.3,2,2.1,AV:L/AC:L/Au:N/C:N/I:P/A:N,https://security-tracker.debian.org/tracker/CVE-2004-0971,30/09/2004,,,FALSE,lab1,csi-driver-nfs,deployment,csi-nfs-controller,nfs,sha256:7e92ad97b3b3d4196392cff3f71c557f77c95f471975cd1308c817246c965585,1,
CVE-2004-0971,Negligible,libkrb5support0,1.18.3-6+deb11u1,os,,registry.k8s.io/sig-storage/nfsplugin:v4.1.0,debian 11.3,2,2.1,AV:L/AC:L/Au:N/C:N/I:P/A:N,https://security-tracker.debian.org/tracker/CVE-2004-0971,30/09/2004,,,FALSE,lab1,csi-driver-nfs,deployment,csi-nfs-controller,nfs,sha256:7e92ad97b3b3d4196392cff3f71c557f77c95f471975cd1308c817246c965585,1,
CVE-2013-4392,Negligible,libsystemd0,247.3-7,os,,registry.k8s.io/sig-storage/nfsplugin:v4.1.0,debian 11.3,2,3.3,AV:L/AC:M/Au:N/C:P/I:P/A:N,https://security-tracker.debian.org/tracker/CVE-2013-4392,20/09/2012,,,FALSE,lab1,csi-driver-nfs,deployment,csi-nfs-controller,nfs,sha256:7e92ad97b3b3d4196392cff3f71c557f77c95f471975cd1308c817246c965585,1,
CVE-2013-4392,Negligible,libudev1,247.3-7,os,,registry.k8s.io/sig-storage/nfsplugin:v4.1.0,debian 11.3,2,3.3,AV:L/AC:M/Au:N/C:P/I:P/A:N,https://security-tracker.debian.org/tracker/CVE-2013-4392,20/09/2012,,,FALSE,lab1,csi-driver-nfs,deployment,csi-nfs-controller,nfs,sha256:7e92ad97b3b3d4196392cff3f71c557f77c95f471975cd1308c817246c965585,1,
CVE-2011-3374,Negligible,apt,2.2.4,os,,registry.k8s.io/sig-storage/nfsplugin:v4.1.0,debian 11.3,3.1,3.7,CVSS:3.1/AV:N/AC:H/PR:N/UI:N/S:U/C:N/I:L/A:N,https://security-tracker.debian.org/tracker/CVE-2011-3374,22/09/2011,,,FALSE,lab1,csi-driver-nfs,deployment,csi-nfs-controller,nfs,sha256:7e92ad97b3b3d4196392cff3f71c557f77c95f471975cd1308c817246c965585,1,
CVE-2011-3374,Negligible,libapt-pkg6.0,2.2.4,os,,registry.k8s.io/sig-storage/nfsplugin:v4.1.0,debian 11.3,3.1,3.7,CVSS:3.1/AV:N/AC:H/PR:N/UI:N/S:U/C:N/I:L/A:N,https://security-tracker.debian.org/tracker/CVE-2011-3374,22/09/2011,,,FALSE,lab1,csi-driver-nfs,deployment,csi-nfs-controller,nfs,sha256:7e92ad97b3b3d4196392cff3f71c557f77c95f471975cd1308c817246c965585,1,
CVE-2010-0928,Negligible,libssl1.1,1.1.1n-0+deb11u3,os,,registry.k8s.io/sig-storage/nfsplugin:v4.1.0,debian 11.3,2,4,AV:L/AC:H/Au:N/C:C/I:N/A:N,https://security-tracker.debian.org/tracker/CVE-2010-0928,5/03/2010,,,FALSE,lab1,csi-driver-nfs,deployment,csi-nfs-controller,nfs,sha256:7e92ad97b3b3d4196392cff3f71c557f77c95f471975cd1308c817246c965585,1,
CVE-2010-0928,Negligible,openssl,1.1.1n-0+deb11u3,os,,registry.k8s.io/sig-storage/nfsplugin:v4.1.0,debian 11.3,2,4,AV:L/AC:H/Au:N/C:C/I:N/A:N,https://security-tracker.debian.org/tracker/CVE-2010-0928,5/03/2010,,,FALSE,lab1,csi-driver-nfs,deployment,csi-nfs-controller,nfs,sha256:7e92ad97b3b3d4196392cff3f71c557f77c95f471975cd1308c817246c965585,1,
CVE-2010-4756,Negligible,libc-bin,2.31-13+deb11u3,os,,registry.k8s.io/sig-storage/nfsplugin:v4.1.0,debian 11.3,2,4,AV:N/AC:L/Au:S/C:N/I:N/A:P,https://security-tracker.debian.org/tracker/CVE-2010-4756,7/10/2010,,,FALSE,lab1,csi-driver-nfs,deployment,csi-nfs-controller,nfs,sha256:7e92ad97b3b3d4196392cff3f71c557f77c95f471975cd1308c817246c965585,1,2.31-13+deb11u4
CVE-2010-4756,Negligible,libc6,2.31-13+deb11u3,os,,registry.k8s.io/sig-storage/nfsplugin:v4.1.0,debian 11.3,2,4,AV:N/AC:L/Au:S/C:N/I:N/A:P,https://security-tracker.debian.org/tracker/CVE-2010-4756,7/10/2010,,,FALSE,lab1,csi-driver-nfs,deployment,csi-nfs-controller,nfs,sha256:7e92ad97b3b3d4196392cff3f71c557f77c95f471975cd1308c817246c965585,1,2.31-13+deb11u4
CVE-2020-15719,Negligible,libldap-2.4-2,2.4.57+dfsg-3+deb11u1,os,,registry.k8s.io/sig-storage/nfsplugin:v4.1.0,debian 11.3,3.1,4.2,CVSS:3.1/AV:N/AC:H/PR:N/UI:R/S:U/C:L/I:L/A:N,https://security-tracker.debian.org/tracker/CVE-2020-15719,12/08/2019,,,FALSE,lab1,csi-driver-nfs,deployment,csi-nfs-controller,nfs,sha256:7e92ad97b3b3d4196392cff3f71c557f77c95f471975cd1308c817246c965585,1,
CVE-2011-3389,Negligible,libgnutls30,3.7.1-5,os,,registry.k8s.io/sig-storage/nfsplugin:v4.1.0,debian 11.3,2,4.3,AV:N/AC:M/Au:N/C:P/I:N/A:N,https://security-tracker.debian.org/tracker/CVE-2011-3389,31/08/2011,,,FALSE,lab1,csi-driver-nfs,deployment,csi-nfs-controller,nfs,sha256:7e92ad97b3b3d4196392cff3f71c557f77c95f471975cd1308c817246c965585,1,3.7.1-5+deb11u2
CVE-2017-18018,Negligible,coreutils,8.32-4+b1,os,,registry.k8s.io/sig-storage/nfsplugin:v4.1.0,debian 11.3,3,4.7,CVSS:3.0/AV:L/AC:H/PR:L/UI:N/S:U/C:N/I:H/A:N,https://security-tracker.debian.org/tracker/CVE-2017-18018,20/12/2017,,,FALSE,lab1,csi-driver-nfs,deployment,csi-nfs-controller,nfs,sha256:7e92ad97b3b3d4196392cff3f71c557f77c95f471975cd1308c817246c965585,1,
CVE-2013-4235,Negligible,login,1:4.8.1-1,os,,registry.k8s.io/sig-storage/nfsplugin:v4.1.0,debian 11.3,3.1,4.7,CVSS:3.1/AV:L/AC:H/PR:L/UI:N/S:U/C:N/I:H/A:N,https://security-tracker.debian.org/tracker/CVE-2013-4235,6/02/2015,,,FALSE,lab1,csi-driver-nfs,deployment,csi-nfs-controller,nfs,sha256:7e92ad97b3b3d4196392cff3f71c557f77c95f471975cd1308c817246c965585,1,
CVE-2013-4235,Negligible,passwd,1:4.8.1-1,os,,registry.k8s.io/sig-storage/nfsplugin:v4.1.0,debian 11.3,3.1,4.7,CVSS:3.1/AV:L/AC:H/PR:L/UI:N/S:U/C:N/I:H/A:N,https://security-tracker.debian.org/tracker/CVE-2013-4235,6/02/2015,,,FALSE,lab1,csi-driver-nfs,deployment,csi-nfs-controller,nfs,sha256:7e92ad97b3b3d4196392cff3f71c557f77c95f471975cd1308c817246c965585,1,
CVE-2017-14159,Negligible,libldap-2.4-2,2.4.57+dfsg-3+deb11u1,os,,registry.k8s.io/sig-storage/nfsplugin:v4.1.0,debian 11.3,3.1,4.7,CVSS:3.1/AV:L/AC:H/PR:L/UI:N/S:U/C:N/I:N/A:H,https://security-tracker.debian.org/tracker/CVE-2017-14159,28/07/2017,,,FALSE,lab1,csi-driver-nfs,deployment,csi-nfs-controller,nfs,sha256:7e92ad97b3b3d4196392cff3f71c557f77c95f471975cd1308c817246c965585,1,
CVE-2007-5686,Negligible,login,1:4.8.1-1,os,,registry.k8s.io/sig-storage/nfsplugin:v4.1.0,debian 11.3,2,4.9,AV:L/AC:L/Au:N/C:C/I:N/A:N,https://security-tracker.debian.org/tracker/CVE-2007-5686,11/10/2007,,,FALSE,lab1,csi-driver-nfs,deployment,csi-nfs-controller,nfs,sha256:7e92ad97b3b3d4196392cff3f71c557f77c95f471975cd1308c817246c965585,1,
CVE-2007-5686,Negligible,passwd,1:4.8.1-1,os,,registry.k8s.io/sig-storage/nfsplugin:v4.1.0,debian 11.3,2,4.9,AV:L/AC:L/Au:N/C:C/I:N/A:N,https://security-tracker.debian.org/tracker/CVE-2007-5686,11/10/2007,,,FALSE,lab1,csi-driver-nfs,deployment,csi-nfs-controller,nfs,sha256:7e92ad97b3b3d4196392cff3f71c557f77c95f471975cd1308c817246c965585,1,
CVE-2015-3276,Negligible,libldap-2.4-2,2.4.57+dfsg-3+deb11u1,os,,registry.k8s.io/sig-storage/nfsplugin:v4.1.0,debian 11.3,2,5,AV:N/AC:L/Au:N/C:N/I:P/A:N,https://security-tracker.debian.org/tracker/CVE-2015-3276,15/07/2015,,,FALSE,lab1,csi-driver-nfs,deployment,csi-nfs-controller,nfs,sha256:7e92ad97b3b3d4196392cff3f71c557f77c95f471975cd1308c817246c965585,1,
CVE-2019-1010024,Negligible,libc-bin,2.31-13+deb11u3,os,,registry.k8s.io/sig-storage/nfsplugin:v4.1.0,debian 11.3,3,5.3,CVSS:3.0/AV:N/AC:L/PR:N/UI:N/S:U/C:L/I:N/A:N,https://security-tracker.debian.org/tracker/CVE-2019-1010024,16/02/2018,,,FALSE,lab1,csi-driver-nfs,deployment,csi-nfs-controller,nfs,sha256:7e92ad97b3b3d4196392cff3f71c557f77c95f471975cd1308c817246c965585,1,2.31-13+deb11u4
CVE-2019-1010024,Negligible,libc6,2.31-13+deb11u3,os,,registry.k8s.io/sig-storage/nfsplugin:v4.1.0,debian 11.3,3,5.3,CVSS:3.0/AV:N/AC:L/PR:N/UI:N/S:U/C:L/I:N/A:N,https://security-tracker.debian.org/tracker/CVE-2019-1010024,16/02/2018,,,FALSE,lab1,csi-driver-nfs,deployment,csi-nfs-controller,nfs,sha256:7e92ad97b3b3d4196392cff3f71c557f77c95f471975cd1308c817246c965585,1,2.31-13+deb11u4
CVE-2019-1010025,Negligible,libc-bin,2.31-13+deb11u3,os,,registry.k8s.io/sig-storage/nfsplugin:v4.1.0,debian 11.3,3,5.3,CVSS:3.0/AV:N/AC:L/PR:N/UI:N/S:U/C:L/I:N/A:N,https://security-tracker.debian.org/tracker/CVE-2019-1010025,16/02/2018,,,FALSE,lab1,csi-driver-nfs,deployment,csi-nfs-controller,nfs,sha256:7e92ad97b3b3d4196392cff3f71c557f77c95f471975cd1308c817246c965585,1,2.31-13+deb11u4
CVE-2019-1010025,Negligible,libc6,2.31-13+deb11u3,os,,registry.k8s.io/sig-storage/nfsplugin:v4.1.0,debian 11.3,3,5.3,CVSS:3.0/AV:N/AC:L/PR:N/UI:N/S:U/C:L/I:N/A:N,https://security-tracker.debian.org/tracker/CVE-2019-1010025,16/02/2018,,,FALSE,lab1,csi-driver-nfs,deployment,csi-nfs-controller,nfs,sha256:7e92ad97b3b3d4196392cff3f71c557f77c95f471975cd1308c817246c965585,1,2.31-13+deb11u4
CVE-2022-0563,Negligible,bsdutils,1:2.36.1-8+deb11u1,os,,registry.k8s.io/sig-storage/nfsplugin:v4.1.0,debian 11.3,3.1,5.5,CVSS:3.1/AV:L/AC:L/PR:L/UI:N/S:U/C:H/I:N/A:N,https://security-tracker.debian.org/tracker/CVE-2022-0563,14/02/2022,,,FALSE,lab1,csi-driver-nfs,deployment,csi-nfs-controller,nfs,sha256:7e92ad97b3b3d4196392cff3f71c557f77c95f471975cd1308c817246c965585,1,
CVE-2022-0563,Negligible,libblkid1,2.36.1-8+deb11u1,os,,registry.k8s.io/sig-storage/nfsplugin:v4.1.0,debian 11.3,3.1,5.5,CVSS:3.1/AV:L/AC:L/PR:L/UI:N/S:U/C:H/I:N/A:N,https://security-tracker.debian.org/tracker/CVE-2022-0563,14/02/2022,,,FALSE,lab1,csi-driver-nfs,deployment,csi-nfs-controller,nfs,sha256:7e92ad97b3b3d4196392cff3f71c557f77c95f471975cd1308c817246c965585,1,
CVE-2022-0563,Negligible,libmount1,2.36.1-8+deb11u1,os,,registry.k8s.io/sig-storage/nfsplugin:v4.1.0,debian 11.3,3.1,5.5,CVSS:3.1/AV:L/AC:L/PR:L/UI:N/S:U/C:H/I:N/A:N,https://security-tracker.debian.org/tracker/CVE-2022-0563,14/02/2022,,,FALSE,lab1,csi-driver-nfs,deployment,csi-nfs-controller,nfs,sha256:7e92ad97b3b3d4196392cff3f71c557f77c95f471975cd1308c817246c965585,1,
CVE-2022-0563,Negligible,libsmartcols1,2.36.1-8+deb11u1,os,,registry.k8s.io/sig-storage/nfsplugin:v4.1.0,debian 11.3,3.1,5.5,CVSS:3.1/AV:L/AC:L/PR:L/UI:N/S:U/C:H/I:N/A:N,https://security-tracker.debian.org/tracker/CVE-2022-0563,14/02/2022,,,FALSE,lab1,csi-driver-nfs,deployment,csi-nfs-controller,nfs,sha256:7e92ad97b3b3d4196392cff3f71c557f77c95f471975cd1308c817246c965585,1,
CVE-2022-0563,Negligible,libuuid1,2.36.1-8+deb11u1,os,,registry.k8s.io/sig-storage/nfsplugin:v4.1.0,debian 11.3,3.1,5.5,CVSS:3.1/AV:L/AC:L/PR:L/UI:N/S:U/C:H/I:N/A:N,https://security-tracker.debian.org/tracker/CVE-2022-0563,14/02/2022,,,FALSE,lab1,csi-driver-nfs,deployment,csi-nfs-controller,nfs,sha256:7e92ad97b3b3d4196392cff3f71c557f77c95f471975cd1308c817246c965585,1,
CVE-2022-0563,Negligible,mount,2.36.1-8+deb11u1,os,,registry.k8s.io/sig-storage/nfsplugin:v4.1.0,debian 11.3,3.1,5.5,CVSS:3.1/AV:L/AC:L/PR:L/UI:N/S:U/C:H/I:N/A:N,https://security-tracker.debian.org/tracker/CVE-2022-0563,14/02/2022,,,FALSE,lab1,csi-driver-nfs,deployment,csi-nfs-controller,nfs,sha256:7e92ad97b3b3d4196392cff3f71c557f77c95f471975cd1308c817246c965585,1,
CVE-2022-0563,Negligible,util-linux,2.36.1-8+deb11u1,os,,registry.k8s.io/sig-storage/nfsplugin:v4.1.0,debian 11.3,3.1,5.5,CVSS:3.1/AV:L/AC:L/PR:L/UI:N/S:U/C:H/I:N/A:N,https://security-tracker.debian.org/tracker/CVE-2022-0563,14/02/2022,,,FALSE,lab1,csi-driver-nfs,deployment,csi-nfs-controller,nfs,sha256:7e92ad97b3b3d4196392cff3f71c557f77c95f471975cd1308c817246c965585,1,
CVE-2007-6755,Negligible,libssl1.1,1.1.1n-0+deb11u3,os,,registry.k8s.io/sig-storage/nfsplugin:v4.1.0,debian 11.3,2,5.8,AV:N/AC:M/Au:N/C:P/I:P/A:N,https://security-tracker.debian.org/tracker/CVE-2007-6755,21/08/2007,,,FALSE,lab1,csi-driver-nfs,deployment,csi-nfs-controller,nfs,sha256:7e92ad97b3b3d4196392cff3f71c557f77c95f471975cd1308c817246c965585,1,
CVE-2007-6755,Negligible,openssl,1.1.1n-0+deb11u3,os,,registry.k8s.io/sig-storage/nfsplugin:v4.1.0,debian 11.3,2,5.8,AV:N/AC:M/Au:N/C:P/I:P/A:N,https://security-tracker.debian.org/tracker/CVE-2007-6755,21/08/2007,,,FALSE,lab1,csi-driver-nfs,deployment,csi-nfs-controller,nfs,sha256:7e92ad97b3b3d4196392cff3f71c557f77c95f471975cd1308c817246c965585,1,
CVE-2020-13529,Negligible,libsystemd0,247.3-7,os,,registry.k8s.io/sig-storage/nfsplugin:v4.1.0,debian 11.3,3.1,6.1,CVSS:3.1/AV:A/AC:H/PR:N/UI:N/S:C/C:N/I:N/A:H,https://security-tracker.debian.org/tracker/CVE-2020-13529,26/04/2021,,,FALSE,lab1,csi-driver-nfs,deployment,csi-nfs-controller,nfs,sha256:7e92ad97b3b3d4196392cff3f71c557f77c95f471975cd1308c817246c965585,1,
CVE-2020-13529,Negligible,libudev1,247.3-7,os,,registry.k8s.io/sig-storage/nfsplugin:v4.1.0,debian 11.3,3.1,6.1,CVSS:3.1/AV:A/AC:H/PR:N/UI:N/S:C/C:N/I:N/A:H,https://security-tracker.debian.org/tracker/CVE-2020-13529,26/04/2021,,,FALSE,lab1,csi-driver-nfs,deployment,csi-nfs-controller,nfs,sha256:7e92ad97b3b3d4196392cff3f71c557f77c95f471975cd1308c817246c965585,1,
CVE-2018-6829,Negligible,libgcrypt20,1.8.7-6,os,,registry.k8s.io/sig-storage/nfsplugin:v4.1.0,debian 11.3,3,7.5,CVSS:3.0/AV:N/AC:L/PR:N/UI:N/S:U/C:H/I:N/A:N,https://security-tracker.debian.org/tracker/CVE-2018-6829,1/02/2018,,,FALSE,lab1,csi-driver-nfs,deployment,csi-nfs-controller,nfs,sha256:7e92ad97b3b3d4196392cff3f71c557f77c95f471975cd1308c817246c965585,1,
CVE-2018-5709,Negligible,libgssapi-krb5-2,1.18.3-6+deb11u1,os,,registry.k8s.io/sig-storage/nfsplugin:v4.1.0,debian 11.3,3,7.5,CVSS:3.0/AV:N/AC:L/PR:N/UI:N/S:U/C:N/I:H/A:N,https://security-tracker.debian.org/tracker/CVE-2018-5709,15/01/2018,,,FALSE,lab1,csi-driver-nfs,deployment,csi-nfs-controller,nfs,sha256:7e92ad97b3b3d4196392cff3f71c557f77c95f471975cd1308c817246c965585,1,
CVE-2018-5709,Negligible,libk5crypto3,1.18.3-6+deb11u1,os,,registry.k8s.io/sig-storage/nfsplugin:v4.1.0,debian 11.3,3,7.5,CVSS:3.0/AV:N/AC:L/PR:N/UI:N/S:U/C:N/I:H/A:N,https://security-tracker.debian.org/tracker/CVE-2018-5709,15/01/2018,,,FALSE,lab1,csi-driver-nfs,deployment,csi-nfs-controller,nfs,sha256:7e92ad97b3b3d4196392cff3f71c557f77c95f471975cd1308c817246c965585,1,
CVE-2018-5709,Negligible,libkrb5-3,1.18.3-6+deb11u1,os,,registry.k8s.io/sig-storage/nfsplugin:v4.1.0,debian 11.3,3,7.5,CVSS:3.0/AV:N/AC:L/PR:N/UI:N/S:U/C:N/I:H/A:N,https://security-tracker.debian.org/tracker/CVE-2018-5709,15/01/2018,,,FALSE,lab1,csi-driver-nfs,deployment,csi-nfs-controller,nfs,sha256:7e92ad97b3b3d4196392cff3f71c557f77c95f471975cd1308c817246c965585,1,
CVE-2018-5709,Negligible,libkrb5support0,1.18.3-6+deb11u1,os,,registry.k8s.io/sig-storage/nfsplugin:v4.1.0,debian 11.3,3,7.5,CVSS:3.0/AV:N/AC:L/PR:N/UI:N/S:U/C:N/I:H/A:N,https://security-tracker.debian.org/tracker/CVE-2018-5709,15/01/2018,,,FALSE,lab1,csi-driver-nfs,deployment,csi-nfs-controller,nfs,sha256:7e92ad97b3b3d4196392cff3f71c557f77c95f471975cd1308c817246c965585,1,
CVE-2018-20796,Negligible,libc-bin,2.31-13+deb11u3,os,,registry.k8s.io/sig-storage/nfsplugin:v4.1.0,debian 11.3,3,7.5,CVSS:3.0/AV:N/AC:L/PR:N/UI:N/S:U/C:N/I:N/A:H,https://security-tracker.debian.org/tracker/CVE-2018-20796,12/09/2018,,,FALSE,lab1,csi-driver-nfs,deployment,csi-nfs-controller,nfs,sha256:7e92ad97b3b3d4196392cff3f71c557f77c95f471975cd1308c817246c965585,1,2.31-13+deb11u4
CVE-2018-20796,Negligible,libc6,2.31-13+deb11u3,os,,registry.k8s.io/sig-storage/nfsplugin:v4.1.0,debian 11.3,3,7.5,CVSS:3.0/AV:N/AC:L/PR:N/UI:N/S:U/C:N/I:N/A:H,https://security-tracker.debian.org/tracker/CVE-2018-20796,12/09/2018,,,FALSE,lab1,csi-driver-nfs,deployment,csi-nfs-controller,nfs,sha256:7e92ad97b3b3d4196392cff3f71c557f77c95f471975cd1308c817246c965585,1,2.31-13+deb11u4
CVE-2019-9192,Negligible,libc-bin,2.31-13+deb11u3,os,,registry.k8s.io/sig-storage/nfsplugin:v4.1.0,debian 11.3,3,7.5,CVSS:3.0/AV:N/AC:L/PR:N/UI:N/S:U/C:N/I:N/A:H,https://security-tracker.debian.org/tracker/CVE-2019-9192,26/02/2019,,,FALSE,lab1,csi-driver-nfs,deployment,csi-nfs-controller,nfs,sha256:7e92ad97b3b3d4196392cff3f71c557f77c95f471975cd1308c817246c965585,1,2.31-13+deb11u4
CVE-2019-9192,Negligible,libc6,2.31-13+deb11u3,os,,registry.k8s.io/sig-storage/nfsplugin:v4.1.0,debian 11.3,3,7.5,CVSS:3.0/AV:N/AC:L/PR:N/UI:N/S:U/C:N/I:N/A:H,https://security-tracker.debian.org/tracker/CVE-2019-9192,26/02/2019,,,FALSE,lab1,csi-driver-nfs,deployment,csi-nfs-controller,nfs,sha256:7e92ad97b3b3d4196392cff3f71c557f77c95f471975cd1308c817246c965585,1,2.31-13+deb11u4
CVE-2011-4116,Negligible,perl-base,5.32.1-4+deb11u2,os,,registry.k8s.io/sig-storage/nfsplugin:v4.1.0,debian 11.3,3.1,7.5,CVSS:3.1/AV:N/AC:L/PR:N/UI:N/S:U/C:N/I:H/A:N,https://security-tracker.debian.org/tracker/CVE-2011-4116,27/06/2011,,,FALSE,lab1,csi-driver-nfs,deployment,csi-nfs-controller,nfs,sha256:7e92ad97b3b3d4196392cff3f71c557f77c95f471975cd1308c817246c965585,1,
CVE-2017-17740,Negligible,libldap-2.4-2,2.4.57+dfsg-3+deb11u1,os,,registry.k8s.io/sig-storage/nfsplugin:v4.1.0,debian 11.3,3.1,7.5,CVSS:3.1/AV:N/AC:L/PR:N/UI:N/S:U/C:N/I:N/A:H,https://security-tracker.debian.org/tracker/CVE-2017-17740,20/10/2017,,,FALSE,lab1,csi-driver-nfs,deployment,csi-nfs-controller,nfs,sha256:7e92ad97b3b3d4196392cff3f71c557f77c95f471975cd1308c817246c965585,1,
CVE-2019-20838,Negligible,libpcre3,2:8.39-13,os,,registry.k8s.io/sig-storage/nfsplugin:v4.1.0,debian 11.3,3.1,7.5,CVSS:3.1/AV:N/AC:L/PR:N/UI:N/S:U/C:N/I:N/A:H,https://security-tracker.debian.org/tracker/CVE-2019-20838,21/09/2018,,,FALSE,lab1,csi-driver-nfs,deployment,csi-nfs-controller,nfs,sha256:7e92ad97b3b3d4196392cff3f71c557f77c95f471975cd1308c817246c965585,1,
CVE-2017-7245,Negligible,libpcre3,2:8.39-13,os,,registry.k8s.io/sig-storage/nfsplugin:v4.1.0,debian 11.3,3,7.8,CVSS:3.0/AV:L/AC:L/PR:N/UI:R/S:U/C:H/I:H/A:H,https://security-tracker.debian.org/tracker/CVE-2017-7245,20/03/2017,,,FALSE,lab1,csi-driver-nfs,deployment,csi-nfs-controller,nfs,sha256:7e92ad97b3b3d4196392cff3f71c557f77c95f471975cd1308c817246c965585,1,
CVE-2017-7246,Negligible,libpcre3,2:8.39-13,os,,registry.k8s.io/sig-storage/nfsplugin:v4.1.0,debian 11.3,3,7.8,CVSS:3.0/AV:L/AC:L/PR:N/UI:R/S:U/C:H/I:H/A:H,https://security-tracker.debian.org/tracker/CVE-2017-7246,20/03/2017,,,FALSE,lab1,csi-driver-nfs,deployment,csi-nfs-controller,nfs,sha256:7e92ad97b3b3d4196392cff3f71c557f77c95f471975cd1308c817246c965585,1,
CVE-2019-19882,Negligible,login,1:4.8.1-1,os,,registry.k8s.io/sig-storage/nfsplugin:v4.1.0,debian 11.3,3.1,7.8,CVSS:3.1/AV:L/AC:L/PR:L/UI:N/S:U/C:H/I:H/A:H,https://security-tracker.debian.org/tracker/CVE-2019-19882,7/12/2019,,,FALSE,lab1,csi-driver-nfs,deployment,csi-nfs-controller,nfs,sha256:7e92ad97b3b3d4196392cff3f71c557f77c95f471975cd1308c817246c965585,1,
CVE-2019-19882,Negligible,passwd,1:4.8.1-1,os,,registry.k8s.io/sig-storage/nfsplugin:v4.1.0,debian 11.3,3.1,7.8,CVSS:3.1/AV:L/AC:L/PR:L/UI:N/S:U/C:H/I:H/A:H,https://security-tracker.debian.org/tracker/CVE-2019-19882,7/12/2019,,,FALSE,lab1,csi-driver-nfs,deployment,csi-nfs-controller,nfs,sha256:7e92ad97b3b3d4196392cff3f71c557f77c95f471975cd1308c817246c965585,1,
CVE-2021-39537,Negligible,libtinfo6,6.2+20201114-2,os,,registry.k8s.io/sig-storage/nfsplugin:v4.1.0,debian 11.3,3.1,8.8,CVSS:3.1/AV:N/AC:L/PR:N/UI:R/S:U/C:H/I:H/A:H,https://security-tracker.debian.org/tracker/CVE-2021-39537,4/08/2020,,,FALSE,lab1,csi-driver-nfs,deployment,csi-nfs-controller,nfs,sha256:7e92ad97b3b3d4196392cff3f71c557f77c95f471975cd1308c817246c965585,1,
CVE-2019-1010022,Negligible,libc-bin,2.31-13+deb11u3,os,,registry.k8s.io/sig-storage/nfsplugin:v4.1.0,debian 11.3,3,9.8,CVSS:3.0/AV:N/AC:L/PR:N/UI:N/S:U/C:H/I:H/A:H,https://security-tracker.debian.org/tracker/CVE-2019-1010022,2/06/2013,,,FALSE,lab1,csi-driver-nfs,deployment,csi-nfs-controller,nfs,sha256:7e92ad97b3b3d4196392cff3f71c557f77c95f471975cd1308c817246c965585,1,2.31-13+deb11u4
CVE-2019-1010022,Negligible,libc6,2.31-13+deb11u3,os,,registry.k8s.io/sig-storage/nfsplugin:v4.1.0,debian 11.3,3,9.8,CVSS:3.0/AV:N/AC:L/PR:N/UI:N/S:U/C:H/I:H/A:H,https://security-tracker.debian.org/tracker/CVE-2019-1010022,2/06/2013,,,FALSE,lab1,csi-driver-nfs,deployment,csi-nfs-controller,nfs,sha256:7e92ad97b3b3d4196392cff3f71c557f77c95f471975cd1308c817246c965585,1,2.31-13+deb11u4
CVE-2005-2541,Negligible,tar,1.34+dfsg-1,os,,registry.k8s.io/sig-storage/nfsplugin:v4.1.0,debian 11.3,2,10,AV:N/AC:L/Au:N/C:C/I:C/A:C,https://security-tracker.debian.org/tracker/CVE-2005-2541,4/08/2005,,,FALSE,lab1,csi-driver-nfs,deployment,csi-nfs-controller,nfs,sha256:7e92ad97b3b3d4196392cff3f71c557f77c95f471975cd1308c817246c965585,1,
CVE-2021-46848,Critical,libtasn1-6,4.16.0-2,os,,k8s.gcr.io/kube-proxy:v1.24.4,debian 11.3,3.1,9.1,CVSS:3.1/AV:N/AC:L/PR:N/UI:N/S:U/C:H/I:N/A:H,https://nvd.nist.gov/vuln/detail/CVE-2021-46848,4/02/2020,,,FALSE,lab1,kube-system,daemonset,kube-proxy,kube-proxy,sha256:7a53d1e08ef58144850b48d05908b4ef5b611bff99a5a66dbcba7ab9f79433f7,4,
CVE-2019-8457,Critical,libdb5.3,5.3.28+dfsg1-0.8,os,,k8s.gcr.io/kube-proxy:v1.24.4,debian 11.3,3.1,9.8,CVSS:3.1/AV:N/AC:L/PR:N/UI:N/S:U/C:H/I:H/A:H,https://nvd.nist.gov/vuln/detail/CVE-2019-8457,20/03/2019,,,FALSE,lab1,kube-system,daemonset,kube-proxy,kube-proxy,sha256:7a53d1e08ef58144850b48d05908b4ef5b611bff99a5a66dbcba7ab9f79433f7,4,
CVE-2022-1586,Critical,libpcre2-8-0,10.36-2,os,,k8s.gcr.io/kube-proxy:v1.24.4,debian 11.3,3.1,9.1,CVSS:3.1/AV:N/AC:L/PR:N/UI:N/S:U/C:H/I:N/A:H,https://nvd.nist.gov/vuln/detail/CVE-2022-1586,23/03/2022,15/04/2022,10.36-2+deb11u1,FALSE,lab1,kube-system,daemonset,kube-proxy,kube-proxy,sha256:7a53d1e08ef58144850b48d05908b4ef5b611bff99a5a66dbcba7ab9f79433f7,4,10.36-2+deb11u1
CVE-2022-1587,Critical,libpcre2-8-0,10.36-2,os,,k8s.gcr.io/kube-proxy:v1.24.4,debian 11.3,3.1,9.1,CVSS:3.1/AV:N/AC:L/PR:N/UI:N/S:U/C:H/I:N/A:H,https://nvd.nist.gov/vuln/detail/CVE-2022-1587,26/03/2022,15/04/2022,10.36-2+deb11u1,FALSE,lab1,kube-system,daemonset,kube-proxy,kube-proxy,sha256:7a53d1e08ef58144850b48d05908b4ef5b611bff99a5a66dbcba7ab9f79433f7,4,10.36-2+deb11u1
CVE-2022-1292,Critical,libssl1.1,1.1.1n-0+deb11u1,os,,k8s.gcr.io/kube-proxy:v1.24.4,debian 11.3,3.1,9.8,CVSS:3.1/AV:N/AC:L/PR:N/UI:N/S:U/C:H/I:H/A:H,https://nvd.nist.gov/vuln/detail/CVE-2022-1292,21/06/2022,21/06/2022,1.1.1n-0+deb11u2,FALSE,lab1,kube-system,daemonset,kube-proxy,kube-proxy,sha256:7a53d1e08ef58144850b48d05908b4ef5b611bff99a5a66dbcba7ab9f79433f7,4,1.1.1n-0+deb11u2
CVE-2022-1664,Critical,dpkg,1.20.9,os,,k8s.gcr.io/kube-proxy:v1.24.4,debian 11.3,3.1,9.8,CVSS:3.1/AV:N/AC:L/PR:N/UI:N/S:U/C:H/I:H/A:H,https://nvd.nist.gov/vuln/detail/CVE-2022-1664,3/05/2022,25/05/2022,1.20.10,FALSE,lab1,kube-system,daemonset,kube-proxy,kube-proxy,sha256:7a53d1e08ef58144850b48d05908b4ef5b611bff99a5a66dbcba7ab9f79433f7,4,1.20.10
CVE-2022-2068,Critical,libssl1.1,1.1.1n-0+deb11u1,os,,k8s.gcr.io/kube-proxy:v1.24.4,debian 11.3,3.1,9.8,CVSS:3.1/AV:N/AC:L/PR:N/UI:N/S:U/C:H/I:H/A:H,https://nvd.nist.gov/vuln/detail/CVE-2022-2068,21/06/2022,21/06/2022,1.1.1n-0+deb11u3,FALSE,lab1,kube-system,daemonset,kube-proxy,kube-proxy,sha256:7a53d1e08ef58144850b48d05908b4ef5b611bff99a5a66dbcba7ab9f79433f7,4,1.1.1n-0+deb11u2
CVE-2022-37434,Critical,zlib1g,1:1.2.11.dfsg-2,os,,k8s.gcr.io/kube-proxy:v1.24.4,debian 11.3,3.1,9.8,CVSS:3.1/AV:N/AC:L/PR:N/UI:N/S:U/C:H/I:H/A:H,https://nvd.nist.gov/vuln/detail/CVE-2022-37434,31/07/2022,14/10/2022,1:1.2.11.dfsg-2+deb11u2,FALSE,lab1,kube-system,daemonset,kube-proxy,kube-proxy,sha256:7a53d1e08ef58144850b48d05908b4ef5b611bff99a5a66dbcba7ab9f79433f7,4,1:1.2.11.dfsg-2+deb11u2
CVE-2021-33560,High,libgcrypt20,1.8.7-6,os,,k8s.gcr.io/kube-proxy:v1.24.4,debian 11.3,3.1,7.5,CVSS:3.1/AV:N/AC:L/PR:N/UI:N/S:U/C:H/I:N/A:N,https://nvd.nist.gov/vuln/detail/CVE-2021-33560,13/04/2021,,,FALSE,lab1,kube-system,daemonset,kube-proxy,kube-proxy,sha256:7a53d1e08ef58144850b48d05908b4ef5b611bff99a5a66dbcba7ab9f79433f7,4,
CVE-2020-16156,High,perl-base,5.32.1-4+deb11u2,os,,k8s.gcr.io/kube-proxy:v1.24.4,debian 11.3,3.1,7.8,CVSS:3.1/AV:L/AC:L/PR:N/UI:R/S:U/C:H/I:H/A:H,https://nvd.nist.gov/vuln/detail/CVE-2020-16156,23/11/2021,,,FALSE,lab1,kube-system,daemonset,kube-proxy,kube-proxy,sha256:7a53d1e08ef58144850b48d05908b4ef5b611bff99a5a66dbcba7ab9f79433f7,4,
CVE-2018-25032,High,zlib1g,1:1.2.11.dfsg-2,os,,k8s.gcr.io/kube-proxy:v1.24.4,debian 11.3,3.1,7.5,CVSS:3.1/AV:N/AC:L/PR:N/UI:N/S:U/C:N/I:N/A:H,https://nvd.nist.gov/vuln/detail/CVE-2018-25032,20/04/2018,,1:1.2.11.dfsg-2+deb11u1,FALSE,lab1,kube-system,daemonset,kube-proxy,kube-proxy,sha256:7a53d1e08ef58144850b48d05908b4ef5b611bff99a5a66dbcba7ab9f79433f7,4,1:1.2.11.dfsg-2+deb11u2
CVE-2021-46828,High,libtirpc-common,1.3.1-1,os,,k8s.gcr.io/kube-proxy:v1.24.4,debian 11.3,3.1,7.5,CVSS:3.1/AV:N/AC:L/PR:N/UI:N/S:U/C:N/I:N/A:H,https://nvd.nist.gov/vuln/detail/CVE-2021-46828,21/08/2021,21/08/2021,1.3.1-1+deb11u1,FALSE,lab1,kube-system,daemonset,kube-proxy,kube-proxy,sha256:7a53d1e08ef58144850b48d05908b4ef5b611bff99a5a66dbcba7ab9f79433f7,4,1.3.1-1+deb11u1
CVE-2021-46828,High,libtirpc3,1.3.1-1,os,,k8s.gcr.io/kube-proxy:v1.24.4,debian 11.3,3.1,7.5,CVSS:3.1/AV:N/AC:L/PR:N/UI:N/S:U/C:N/I:N/A:H,https://nvd.nist.gov/vuln/detail/CVE-2021-46828,21/08/2021,21/08/2021,1.3.1-1+deb11u1,FALSE,lab1,kube-system,daemonset,kube-proxy,kube-proxy,sha256:7a53d1e08ef58144850b48d05908b4ef5b611bff99a5a66dbcba7ab9f79433f7,4,1.3.1-1+deb11u1
CVE-2022-2509,High,libgnutls30,3.7.1-5,os,,k8s.gcr.io/kube-proxy:v1.24.4,debian 11.3,3.1,7.5,CVSS:3.1/AV:N/AC:L/PR:N/UI:N/S:U/C:N/I:N/A:H,https://nvd.nist.gov/vuln/detail/CVE-2022-2509,22/07/2022,28/07/2022,3.7.1-5+deb11u2,FALSE,lab1,kube-system,daemonset,kube-proxy,kube-proxy,sha256:7a53d1e08ef58144850b48d05908b4ef5b611bff99a5a66dbcba7ab9f79433f7,4,3.7.1-5+deb11u2
CVE-2021-3999,High,libc-bin,2.31-13+deb11u3,os,,k8s.gcr.io/kube-proxy:v1.24.4,debian 11.3,3.1,7.8,CVSS:3.1/AV:L/AC:L/PR:L/UI:N/S:U/C:H/I:H/A:H,https://nvd.nist.gov/vuln/detail/CVE-2021-3999,10/01/2022,3/02/2022,2.31-13+deb11u4,FALSE,lab1,kube-system,daemonset,kube-proxy,kube-proxy,sha256:7a53d1e08ef58144850b48d05908b4ef5b611bff99a5a66dbcba7ab9f79433f7,4,2.31-13+deb11u4
CVE-2021-3999,High,libc6,2.31-13+deb11u3,os,,k8s.gcr.io/kube-proxy:v1.24.4,debian 11.3,3.1,7.8,CVSS:3.1/AV:L/AC:L/PR:L/UI:N/S:U/C:H/I:H/A:H,https://nvd.nist.gov/vuln/detail/CVE-2021-3999,10/01/2022,3/02/2022,2.31-13+deb11u4,FALSE,lab1,kube-system,daemonset,kube-proxy,kube-proxy,sha256:7a53d1e08ef58144850b48d05908b4ef5b611bff99a5a66dbcba7ab9f79433f7,4,2.31-13+deb11u4
CVE-2022-1271,High,gzip,1.10-4,os,,k8s.gcr.io/kube-proxy:v1.24.4,debian 11.3,3.1,8.8,CVSS:3.1/AV:N/AC:L/PR:L/UI:N/S:U/C:H/I:H/A:H,https://nvd.nist.gov/vuln/detail/CVE-2022-1271,6/04/2022,7/04/2022,1.10-4+deb11u1,FALSE,lab1,kube-system,daemonset,kube-proxy,kube-proxy,sha256:7a53d1e08ef58144850b48d05908b4ef5b611bff99a5a66dbcba7ab9f79433f7,4,1.10-4+deb11u1
